month,region,property_type,avg_price,avg_rent,sales_volume,inventory,construction_permits,employment_growth,interest_rate,median_income
2022-01-01,Toronto,Condo,620697.38,2792.75,973,2403,504,0.0121,0.0241,96280.37
2022-02-01,Toronto,Condo,624506.95,2704.16,836,2474,406,0.0081,0.0262,96575.82
2022-03-01,Toronto,Condo,630522.58,2666.48,520,2733,541,0.0053,0.0252,99988.49
2022-04-01,Toronto,Condo,629007.2,2503.58,343,2902,439,0.0017,0.0221,99051.02
2022-05-01,Toronto,Condo,639058.95,3665.84,721,2709,190,-0.0079,0.0261,97677.17
2022-06-01,Toronto,Condo,627563.76,2992.34,701,2460,585,0.007,0.0246,100202.64
2022-07-01,Toronto,Condo,633492.42,2792.01,934,2486,786,0.0036,0.024,97696.71
2022-08-01,Toronto,Condo,612431.68,2713.24,1155,2420,485,-0.0066,0.026,99665.55
2022-09-01,Toronto,Condo,602676.2,3343.86,632,2372,320,-0.0003,0.0232,97723.02
2022-10-01,Toronto,Condo,612055.19,2671.62,825,2433,725,0.0027,0.0279,96257.55
2022-11-01,Toronto,Condo,611440.16,2623.2,660,2411,562,0.0059,0.0268,99270.95
2022-12-01,Toronto,Condo,618770.7,2492.69,1034,2407,582,0.0112,0.0263,97945.25
2023-01-01,Toronto,Condo,633045.56,3022.21,764,2276,448,0.0156,0.0276,99035.74
2023-02-01,Toronto,Condo,633080.8,2721.24,914,2541,714,0.0049,0.0248,100743.81
2023-03-01,Toronto,Condo,635498.15,2571.43,918,2532,314,0.0083,0.027,102162.63
2023-04-01,Toronto,Condo,644019.47,3118.37,908,2523,595,-0.0003,0.0242,100804.95
2023-05-01,Toronto,Condo,652309.51,2443.17,791,2441,407,0.0078,0.0265,98654.22
2023-06-01,Toronto,Condo,660164.44,2725.42,966,2315,207,0.0025,0.0232,99350.48
2023-07-01,Toronto,Condo,642671.77,2898.54,684,2275,458,-0.0055,0.0249,98692.22
2023-08-01,Toronto,Condo,651750.13,3483.21,1275,2036,663,0.0008,0.0273,101410.95
2023-09-01,Toronto,Condo,661552.1,2654.4,526,2130,779,-0.0036,0.0267,101021.31
2023-10-01,Toronto,Condo,669434.73,2571.84,923,2107,377,-0.0044,0.0243,100321.35
2023-11-01,Toronto,Condo,679788.47,3202.13,1031,2019,301,0.0078,0.027,101644.93
2023-12-01,Toronto,Condo,694663.16,3258.95,1051,1963,294,0.0027,0.0222,99715.92
2024-01-01,Toronto,Condo,708579.5,3654.28,1360,1645,192,0.0085,0.0252,103044.12
2024-02-01,Toronto,Condo,712529.12,3356.07,560,1588,283,-0.0081,0.0288,103694.55
2024-03-01,Toronto,Condo,710236.55,3432.45,802,1669,329,-0.0007,0.0265,102338.19
2024-04-01,Toronto,Condo,729040.56,3168.67,1014,1688,470,-0.0016,0.0269,102677.29
2024-05-01,Toronto,Condo,735210.98,3243.14,702,1689,602,-0.0042,0.0268,102391.25
2024-06-01,Toronto,Condo,738556.73,3051.86,1149,1854,559,0.0078,0.027,103178.62
2024-07-01,Toronto,Condo,727987.62,3932.4,883,1972,691,0.0012,0.023,102323.5
2024-08-01,Toronto,Condo,735246.88,3339.67,824,1943,474,0.0014,0.024,103856.27
2024-09-01,Toronto,Condo,745104.75,2432.16,1024,2123,497,-0.0008,0.0248,103269.52
2024-10-01,Toronto,Condo,761699.66,3420.72,947,2040,422,0.0108,0.0269,104265.14
2024-11-01,Toronto,Condo,762153.64,2199.86,1096,1951,590,0.005,0.0254,103785.34
2024-12-01,Toronto,Condo,761570.82,3678.57,827,2051,234,-0.0015,0.0226,101820.53
2025-01-01,Toronto,Condo,747485.63,3143.79,866,2245,573,-0.006,0.0295,106355.84
2025-02-01,Toronto,Condo,756687.73,2563.83,734,2309,751,0.013,0.0277,105602.81
2025-03-01,Toronto,Condo,746878.44,3019.01,1200,2109,489,0.0076,0.0274,104177.31
2025-04-01,Toronto,Condo,748964.93,2970.83,731,2534,370,0.0101,0.0283,105648.22
2025-05-01,Toronto,Condo,754125.99,2527.07,604,2623,363,0.0058,0.0281,106497.58
2025-06-01,Toronto,Condo,745331.8,3522.26,929,2515,460,0.0067,0.0272,103939.7
2025-07-01,Toronto,Condo,738166.11,2590.62,845,2781,485,0.0043,0.0248,104716.75
2025-08-01,Toronto,Condo,727940.05,4620.22,1056,3026,563,-0.0047,0.0265,107292.54
2025-09-01,Toronto,Condo,730823.88,3186.31,896,2678,487,0.0008,0.0231,104580.0
2025-10-01,Toronto,Condo,727734.15,3315.3,926,2573,427,0.0058,0.0297,105862.95
2025-11-01,Toronto,Condo,747655.68,3355.64,504,2605,587,-0.0014,0.0233,104184.04
2025-12-01,Toronto,Condo,743391.24,3184.67,998,2738,497,-0.0068,0.03,104421.6
2026-01-01,Toronto,Condo,731186.32,3371.9,836,2797,489,-0.0165,0.0256,108572.04
2026-02-01,Toronto,Condo,735512.05,4103.96,1101,2782,258,-0.0033,0.028,108857.95
2026-03-01,Toronto,Condo,720183.2,3915.01,973,2787,285,0.0016,0.0302,107110.0
2026-04-01,Toronto,Condo,709404.21,3127.06,1181,2659,649,0.0061,0.0278,108631.94
2026-05-01,Toronto,Condo,695868.96,3275.02,230,2581,573,-0.0002,0.0274,107078.48
2026-06-01,Toronto,Condo,689976.35,2758.53,871,2466,279,-0.0047,0.0279,108694.02
2022-01-01,Toronto,Detached,1028712.37,4855.06,688,1910,571,0.0013,0.026,97609.28
2022-02-01,Toronto,Detached,1024476.45,5172.99,682,2011,827,-0.0006,0.0266,98429.55
2022-03-01,Toronto,Detached,1024196.1,4149.34,649,1995,409,0.0084,0.0194,98668.22
2022-04-01,Toronto,Detached,1034909.65,3676.59,956,1989,453,0.0134,0.0194,97076.18
2022-05-01,Toronto,Detached,1039735.68,5075.91,680,2008,514,0.0063,0.0272,98115.93
2022-06-01,Toronto,Detached,1021619.79,4898.39,1068,2169,323,-0.0017,0.0254,97028.56
2022-07-01,Toronto,Detached,1022347.83,4193.56,1108,2094,465,0.0084,0.0268,97861.97
2022-08-01,Toronto,Detached,1016836.61,3559.92,1056,2235,407,0.0001,0.0253,98709.4
2022-09-01,Toronto,Detached,999244.83,4830.9,940,2450,307,0.0088,0.0247,97692.64
2022-10-01,Toronto,Detached,1000720.15,3889.37,946,2633,305,-0.0031,0.026,96256.28
2022-11-01,Toronto,Detached,977686.0,3669.19,822,2488,739,-0.0057,0.0213,97670.87
2022-12-01,Toronto,Detached,995214.92,5400.82,691,2532,387,-0.0057,0.0284,97521.94
2023-01-01,Toronto,Detached,981860.9,4539.1,936,2391,579,0.0035,0.0262,99290.13
2023-02-01,Toronto,Detached,991847.95,5120.01,801,2308,346,0.0102,0.026,99034.46
2023-03-01,Toronto,Detached,981945.11,4968.43,914,2370,473,-0.0092,0.0266,99574.86
2023-04-01,Toronto,Detached,957678.33,3557.39,1022,2441,330,0.0024,0.0242,100736.14
2023-05-01,Toronto,Detached,974500.41,4995.51,547,2824,472,0.0084,0.0246,101094.86
2023-06-01,Toronto,Detached,1002725.31,3995.98,1049,2826,449,0.0076,0.0271,99919.56
2023-07-01,Toronto,Detached,1003081.47,5845.74,708,2812,521,0.006,0.0285,101330.73
2023-08-01,Toronto,Detached,1023399.82,4587.93,1150,3046,416,0.0096,0.0265,101509.35
2023-09-01,Toronto,Detached,1030302.75,6009.77,648,3131,393,-0.0002,0.0274,100175.5
2023-10-01,Toronto,Detached,1016441.36,5375.71,461,3197,219,0.0021,0.0236,101843.82
2023-11-01,Toronto,Detached,1033219.22,3967.23,1135,3155,534,0.0003,0.0292,101060.23
2023-12-01,Toronto,Detached,1045758.19,5293.88,917,3146,594,-0.0008,0.0256,99092.69
2024-01-01,Toronto,Detached,1075894.69,4662.54,964,2937,387,0.0054,0.0281,102823.01
2024-02-01,Toronto,Detached,1065390.63,4639.0,631,2862,589,0.0092,0.0265,103910.41
2024-03-01,Toronto,Detached,1080079.71,5129.84,668,2789,346,0.0033,0.0286,102885.02
2024-04-01,Toronto,Detached,1091329.93,6142.4,1181,2690,496,0.0057,0.0265,102999.87
2024-05-01,Toronto,Detached,1083044.77,6101.73,350,2549,793,0.0062,0.0256,103245.43
2024-06-01,Toronto,Detached,1061474.49,3957.25,904,2445,554,0.0004,0.0242,103109.14
2024-07-01,Toronto,Detached,1051178.39,4761.05,462,2462,477,0.0039,0.0269,103355.75
2024-08-01,Toronto,Detached,1003823.28,4482.69,960,2370,649,-0.0021,0.0248,103516.56
2024-09-01,Toronto,Detached,996887.66,4407.23,773,2492,403,0.0087,0.0254,101992.77
2024-10-01,Toronto,Detached,1010395.47,5355.77,762,2463,556,0.0036,0.0237,101236.95
2024-11-01,Toronto,Detached,1040006.35,4248.48,1202,2477,455,0.008,0.0279,102050.61
2024-12-01,Toronto,Detached,1030880.59,4475.9,1079,2403,595,0.0093,0.0311,104370.31
2025-01-01,Toronto,Detached,1004209.54,4231.16,901,2517,212,-0.0092,0.0267,106649.23
2025-02-01,Toronto,Detached,996445.5,5216.87,405,2635,302,0.0015,0.0252,106199.69
2025-03-01,Toronto,Detached,971801.12,4983.78,910,2678,616,-0.002,0.0266,104492.18
2025-04-01,Toronto,Detached,943014.04,5645.29,1366,2609,563,-0.0116,0.0265,105507.03
2025-05-01,Toronto,Detached,937680.27,3884.87,1222,2549,349,0.0004,0.0255,106886.51
2025-06-01,Toronto,Detached,947229.21,5329.15,929,2416,539,-0.0015,0.029,105298.86
2025-07-01,Toronto,Detached,945954.49,3279.69,813,2402,528,-0.0035,0.0251,106115.86
2025-08-01,Toronto,Detached,938907.47,4991.57,1091,2403,534,0.0034,0.0276,104925.34
2025-09-01,Toronto,Detached,944919.72,4274.14,632,2331,501,-0.0024,0.0246,106345.96
2025-10-01,Toronto,Detached,950662.12,4004.53,757,2427,450,0.0038,0.0269,106178.02
2025-11-01,Toronto,Detached,955678.7,4010.17,978,2447,273,0.0026,0.0268,104533.18
2025-12-01,Toronto,Detached,962938.87,4490.7,840,2375,480,0.0006,0.0282,104612.64
2026-01-01,Toronto,Detached,954240.37,4798.17,842,2351,622,0.0066,0.0302,105706.92
2026-02-01,Toronto,Detached,935285.29,3731.42,874,2211,628,-0.0003,0.0279,107904.48
2026-03-01,Toronto,Detached,923777.22,4178.75,825,2355,397,0.0023,0.0282,109386.2
2026-04-01,Toronto,Detached,951979.19,5546.13,699,2365,599,0.0053,0.0277,106125.54
2026-05-01,Toronto,Detached,952467.27,4587.48,930,2584,418,0.0062,0.0325,107741.98
2026-06-01,Toronto,Detached,954881.29,4051.39,1089,2888,472,-0.0096,0.0293,108241.15
2022-01-01,Toronto,Townhouse,775889.87,3481.18,603,2506,284,0.0032,0.027,97372.66
2022-02-01,Toronto,Townhouse,791829.68,3742.44,803,2425,360,-0.0024,0.0239,97197.85
2022-03-01,Toronto,Townhouse,810985.99,2958.38,944,2533,567,-0.0015,0.0274,97269.24
2022-04-01,Toronto,Townhouse,814138.32,3582.65,719,2419,443,-0.0084,0.026,97480.09
2022-05-01,Toronto,Townhouse,816958.32,3260.32,1487,2334,310,0.0095,0.0229,97865.84
2022-06-01,Toronto,Townhouse,827481.17,4603.41,811,2115,581,0.0067,0.0265,99047.89
2022-07-01,Toronto,Townhouse,825987.43,3798.22,863,1926,442,0.001,0.0266,97834.34
2022-08-01,Toronto,Townhouse,824896.45,3147.43,803,1827,698,0.0066,0.0288,98033.33
2022-09-01,Toronto,Townhouse,821082.73,4686.13,914,1806,529,0.0045,0.0254,99026.58
2022-10-01,Toronto,Townhouse,832451.1,4368.22,886,1988,412,-0.0034,0.0232,99066.08
2022-11-01,Toronto,Townhouse,839644.43,4837.51,848,1729,568,0.0086,0.0265,97470.83
2022-12-01,Toronto,Townhouse,847643.54,4263.91,763,1965,512,-0.0018,0.027,97446.72
2023-01-01,Toronto,Townhouse,855673.74,4263.52,1144,2130,616,0.005,0.0267,99327.82
2023-02-01,Toronto,Townhouse,846748.32,4012.42,694,2122,441,0.0059,0.0273,100738.81
2023-03-01,Toronto,Townhouse,843372.66,3595.56,1125,2272,660,-0.0037,0.026,100066.95
2023-04-01,Toronto,Townhouse,829153.78,3614.69,1241,2472,710,0.0056,0.0306,100026.01
2023-05-01,Toronto,Townhouse,832470.02,3379.86,882,2549,400,0.0095,0.0293,99786.11
2023-06-01,Toronto,Townhouse,859543.3,3465.46,898,2668,670,0.0073,0.0241,99649.66
2023-07-01,Toronto,Townhouse,849191.26,3594.21,851,2685,390,0.0046,0.0238,101020.76
2023-08-01,Toronto,Townhouse,840849.71,4028.92,1086,2524,695,0.0101,0.022,100039.99
2023-09-01,Toronto,Townhouse,855983.15,4903.62,912,2589,444,0.0028,0.0276,102110.61
2023-10-01,Toronto,Townhouse,846555.28,4268.89,1026,2664,854,0.0034,0.0254,99692.39
2023-11-01,Toronto,Townhouse,836383.6,3718.47,893,2434,422,-0.0007,0.0232,99218.89
2023-12-01,Toronto,Townhouse,843112.68,4337.51,1021,2269,290,-0.0055,0.0242,99281.69
2024-01-01,Toronto,Townhouse,855619.07,4462.17,798,2225,330,0.0022,0.0258,101825.94
2024-02-01,Toronto,Townhouse,854719.51,4760.56,307,2440,676,-0.0004,0.0279,102485.95
2024-03-01,Toronto,Townhouse,862576.39,2911.89,882,2094,674,-0.003,0.0269,101943.15
2024-04-01,Toronto,Townhouse,859402.32,3666.39,648,1998,312,-0.005,0.0231,101449.2
2024-05-01,Toronto,Townhouse,873276.45,4762.11,905,2095,642,0.0009,0.0287,104562.52
2024-06-01,Toronto,Townhouse,844348.89,3669.72,1241,2324,720,0.0001,0.0263,99709.6
2024-07-01,Toronto,Townhouse,847647.4,4427.41,843,2519,507,0.0064,0.0269,103442.53
2024-08-01,Toronto,Townhouse,861830.07,3791.43,619,2633,516,0.0041,0.0277,103616.1
2024-09-01,Toronto,Townhouse,874118.75,3417.61,774,2497,478,0.0074,0.0242,102474.31
2024-10-01,Toronto,Townhouse,882095.25,3224.86,1396,2406,548,0.0035,0.0275,103371.73
2024-11-01,Toronto,Townhouse,890343.76,4604.03,808,2591,404,0.0089,0.0292,101947.03
2024-12-01,Toronto,Townhouse,903178.03,4230.84,687,2574,569,0.0103,0.0289,102797.32
2025-01-01,Toronto,Townhouse,884566.13,3555.17,406,2391,709,0.0007,0.0281,103644.55
2025-02-01,Toronto,Townhouse,893302.81,4226.38,715,2416,461,0.0053,0.0279,104635.57
2025-03-01,Toronto,Townhouse,884254.53,4467.98,157,2356,687,0.0059,0.0248,103894.55
2025-04-01,Toronto,Townhouse,903251.35,5450.95,982,2371,804,0.0129,0.0246,106225.22
2025-05-01,Toronto,Townhouse,878167.66,4063.14,496,2496,534,-0.0114,0.0301,105578.58
2025-06-01,Toronto,Townhouse,875717.42,5119.46,918,2403,346,-0.0019,0.029,105459.8
2025-07-01,Toronto,Townhouse,874536.83,3986.72,881,2420,384,-0.0045,0.0275,104816.43
2025-08-01,Toronto,Townhouse,896670.37,4712.48,859,2423,406,0.0047,0.0298,104634.55
2025-09-01,Toronto,Townhouse,913493.32,3911.98,881,2508,355,0.0024,0.0247,104024.11
2025-10-01,Toronto,Townhouse,928206.6,4725.05,912,2616,563,0.0044,0.0274,104900.02
2025-11-01,Toronto,Townhouse,921164.54,5106.29,1310,2655,512,0.008,0.0267,106330.09
2025-12-01,Toronto,Townhouse,952179.22,4039.28,820,2552,551,0.0088,0.0281,104878.92
2026-01-01,Toronto,Townhouse,960465.84,4912.71,785,2553,631,-0.0007,0.0323,106221.72
2026-02-01,Toronto,Townhouse,994728.19,4579.27,783,2668,397,0.0074,0.0282,108345.77
2026-03-01,Toronto,Townhouse,1005465.8,3286.64,526,2606,623,-0.0029,0.0296,107433.58
2026-04-01,Toronto,Townhouse,993816.86,5244.03,890,2734,440,0.0056,0.0252,108099.56
2026-05-01,Toronto,Townhouse,984566.34,3737.69,985,2471,551,0.0092,0.0309,107458.95
2026-06-01,Toronto,Townhouse,1015828.0,4641.29,568,2242,452,0.0076,0.025,109402.45
2022-01-01,Ottawa,Condo,465196.79,2318.46,1364,3775,221,0.0091,0.0232,92125.57
2022-02-01,Ottawa,Condo,462729.99,1971.13,895,3887,524,-0.002,0.0243,92552.58
2022-03-01,Ottawa,Condo,475815.17,1676.94,852,3711,462,0.0039,0.0272,92185.89
2022-04-01,Ottawa,Condo,462621.11,2536.55,493,3695,611,-0.0034,0.0257,91592.31
2022-05-01,Ottawa,Condo,454678.68,1997.59,1227,3883,696,-0.0075,0.0236,93503.97
2022-06-01,Ottawa,Condo,458815.1,2209.08,605,4063,356,-0.0024,0.0243,92533.28
2022-07-01,Ottawa,Condo,470855.18,1949.12,795,3910,498,0.0081,0.028,90624.96
2022-08-01,Ottawa,Condo,466326.52,1991.36,1112,3798,624,0.0004,0.025,90885.49
2022-09-01,Ottawa,Condo,476862.22,1807.62,499,3629,506,0.0013,0.0259,92679.4
2022-10-01,Ottawa,Condo,479332.7,2192.58,927,3485,350,0.0058,0.0244,91340.48
2022-11-01,Ottawa,Condo,467493.49,1993.2,833,3380,314,0.0006,0.0244,91739.69
2022-12-01,Ottawa,Condo,470021.75,1701.57,1041,3477,616,-0.0016,0.0209,92113.06
2023-01-01,Ottawa,Condo,460869.92,1900.84,1028,3234,421,-0.0036,0.0303,94946.32
2023-02-01,Ottawa,Condo,475367.9,2760.14,1140,3071,221,0.0053,0.0265,95060.09
2023-03-01,Ottawa,Condo,474000.18,2111.43,930,3237,887,0.0079,0.0234,93208.09
2023-04-01,Ottawa,Condo,476929.3,2159.05,1202,3299,538,0.0006,0.0259,96149.57
2023-05-01,Ottawa,Condo,475965.37,3143.82,669,3350,205,-0.0015,0.0283,96673.1
2023-06-01,Ottawa,Condo,475891.84,1670.36,1286,3505,478,-0.0071,0.0238,93523.34
2023-07-01,Ottawa,Condo,470970.86,2656.81,1065,3306,564,-0.0141,0.0228,94454.1
2023-08-01,Ottawa,Condo,468999.09,2141.83,895,3228,579,0.0002,0.0271,93799.38
2023-09-01,Ottawa,Condo,484604.01,2308.3,1349,3458,663,0.01,0.0277,94127.06
2023-10-01,Ottawa,Condo,496327.43,2592.75,675,3491,407,0.0158,0.0246,94096.9
2023-11-01,Ottawa,Condo,497348.59,2738.25,884,3477,646,-0.0084,0.0265,94242.89
2023-12-01,Ottawa,Condo,489415.32,2377.45,457,3602,475,-0.0065,0.0248,94481.71
2024-01-01,Ottawa,Condo,496543.04,2234.3,716,3645,416,0.0001,0.0301,95697.65
2024-02-01,Ottawa,Condo,496316.69,1716.78,823,3693,811,0.0062,0.028,96669.76
2024-03-01,Ottawa,Condo,496132.22,2434.11,602,3896,398,0.0071,0.0248,95804.75
2024-04-01,Ottawa,Condo,482823.35,2113.74,895,3955,147,0.0025,0.0255,96202.09
2024-05-01,Ottawa,Condo,472468.57,2104.47,934,4115,209,-0.0045,0.0263,97911.31
2024-06-01,Ottawa,Condo,479166.98,1646.32,918,4085,363,0.0027,0.0258,97590.88
2024-07-01,Ottawa,Condo,473004.68,2004.47,571,4002,391,-0.0004,0.0281,97196.06
2024-08-01,Ottawa,Condo,485978.32,2077.0,770,4088,418,0.0085,0.0272,96484.52
2024-09-01,Ottawa,Condo,481673.2,1382.63,197,4152,643,-0.0025,0.0272,96888.57
2024-10-01,Ottawa,Condo,480813.42,2676.65,1374,4142,295,0.0015,0.0275,97200.1
2024-11-01,Ottawa,Condo,487119.05,2506.7,1262,4061,189,0.007,0.0291,95944.68
2024-12-01,Ottawa,Condo,481221.45,1778.05,989,3815,493,0.0039,0.0283,96941.41
2025-01-01,Ottawa,Condo,499044.38,1845.1,859,3960,477,0.0245,0.0282,99835.66
2025-02-01,Ottawa,Condo,487402.95,2326.29,511,4044,200,0.0019,0.0293,99211.09
2025-03-01,Ottawa,Condo,489552.11,3206.84,978,3980,539,0.0029,0.0284,99945.94
2025-04-01,Ottawa,Condo,500187.5,1930.43,927,3934,390,0.0057,0.0285,96726.0
2025-05-01,Ottawa,Condo,498781.08,1912.5,1112,3797,868,-0.0014,0.0291,98728.19
2025-06-01,Ottawa,Condo,500693.03,2965.77,923,3771,566,-0.0034,0.0244,99007.7
2025-07-01,Ottawa,Condo,495336.5,2267.14,1049,3635,253,-0.0003,0.0294,100438.56
2025-08-01,Ottawa,Condo,488872.31,1696.81,549,3783,556,-0.0025,0.0296,98171.87
2025-09-01,Ottawa,Condo,483349.96,1892.74,1222,3799,390,-0.0024,0.0289,99109.62
2025-10-01,Ottawa,Condo,479586.76,2086.32,1026,3813,367,-0.0102,0.0233,96896.63
2025-11-01,Ottawa,Condo,483454.83,2284.78,876,3804,625,0.0,0.0241,99113.83
2025-12-01,Ottawa,Condo,493703.59,2147.64,955,4007,299,0.0041,0.0265,99463.19
2026-01-01,Ottawa,Condo,500008.94,2774.55,906,4300,408,-0.0006,0.0294,100488.41
2026-02-01,Ottawa,Condo,495751.19,2702.89,825,4456,583,-0.0021,0.0285,102090.89
2026-03-01,Ottawa,Condo,496634.26,2424.57,1110,4365,466,-0.0047,0.0298,98666.42
2026-04-01,Ottawa,Condo,483473.61,2286.73,1110,4389,481,-0.0093,0.0289,100509.55
2026-05-01,Ottawa,Condo,468560.62,2811.71,543,4232,552,0.0006,0.0276,100281.0
2026-06-01,Ottawa,Condo,469218.4,2219.3,773,4321,403,-0.0032,0.0263,100656.2
2022-01-01,Ottawa,Detached,788743.97,3691.68,946,1088,496,0.0016,0.0274,93184.54
2022-02-01,Ottawa,Detached,781214.55,3892.13,895,989,480,-0.0145,0.025,92027.83
2022-03-01,Ottawa,Detached,759352.56,4127.22,883,874,439,0.0001,0.0245,90363.96
2022-04-01,Ottawa,Detached,751932.42,2686.05,647,866,453,0.0012,0.0223,92257.19
2022-05-01,Ottawa,Detached,765442.14,3076.31,623,855,511,0.0098,0.0256,92793.93
2022-06-01,Ottawa,Detached,772074.29,3639.35,753,880,419,0.0015,0.0256,91024.8
2022-07-01,Ottawa,Detached,771485.73,3060.45,1111,897,214,-0.0027,0.0249,92710.47
2022-08-01,Ottawa,Detached,766276.15,3141.57,514,1010,551,0.0001,0.0287,91730.61
2022-09-01,Ottawa,Detached,752335.75,2931.76,970,894,606,0.0009,0.0254,92280.58
2022-10-01,Ottawa,Detached,753718.02,3434.03,879,839,289,0.0069,0.0285,91718.33
2022-11-01,Ottawa,Detached,748695.1,2785.79,1112,1069,550,0.0001,0.0236,91704.26
2022-12-01,Ottawa,Detached,743023.67,3412.33,879,850,368,-0.0034,0.0269,93352.48
2023-01-01,Ottawa,Detached,736363.79,3504.49,580,710,179,-0.0025,0.0265,94825.06
2023-02-01,Ottawa,Detached,732870.44,3174.82,1289,725,323,-0.008,0.0268,94211.28
2023-03-01,Ottawa,Detached,734177.84,3620.44,926,830,602,0.0016,0.0244,93544.71
2023-04-01,Ottawa,Detached,743084.79,2445.69,1088,993,423,0.023,0.0244,92954.85
2023-05-01,Ottawa,Detached,733831.57,3545.92,1104,1135,465,-0.0043,0.0242,95051.22
2023-06-01,Ottawa,Detached,736143.96,4282.43,1036,1340,378,0.01,0.0255,95820.02
2023-07-01,Ottawa,Detached,718516.29,4422.22,781,1406,400,0.0,0.0226,96391.39
2023-08-01,Ottawa,Detached,724997.18,3125.09,963,1591,464,-0.0027,0.022,92425.55
2023-09-01,Ottawa,Detached,726329.99,2644.68,923,1605,442,0.0046,0.0274,94549.51
2023-10-01,Ottawa,Detached,725984.7,3122.9,972,1473,354,-0.0069,0.0286,94723.21
2023-11-01,Ottawa,Detached,716879.08,2348.98,780,1235,446,-0.0032,0.0225,94337.08
2023-12-01,Ottawa,Detached,723737.92,3148.52,896,1296,879,-0.0007,0.0258,93687.51
2024-01-01,Ottawa,Detached,723065.22,3843.98,818,1211,51,0.0068,0.0287,96038.03
2024-02-01,Ottawa,Detached,726761.15,2669.64,1029,1079,427,0.0067,0.0256,95713.99
2024-03-01,Ottawa,Detached,724530.78,2778.58,580,1447,316,0.0059,0.0278,96998.29
2024-04-01,Ottawa,Detached,737396.81,3202.83,1091,1403,622,-0.0031,0.0259,96305.75
2024-05-01,Ottawa,Detached,741039.25,3012.16,923,1275,566,0.0015,0.026,95994.93
2024-06-01,Ottawa,Detached,741648.57,2981.67,1151,1489,529,0.0007,0.0287,95802.03
2024-07-01,Ottawa,Detached,756430.44,4652.53,551,1635,725,0.0032,0.0284,96700.87
2024-08-01,Ottawa,Detached,747957.45,2524.55,602,1472,371,0.0013,0.0236,96447.46
2024-09-01,Ottawa,Detached,734453.63,3129.2,1104,1611,474,0.0039,0.0282,95387.68
2024-10-01,Ottawa,Detached,736617.96,3182.3,1201,1895,471,-0.0043,0.027,96406.36
2024-11-01,Ottawa,Detached,750160.23,4059.37,996,1838,380,0.0015,0.0278,98142.98
2024-12-01,Ottawa,Detached,733057.81,3089.14,796,1604,238,0.0007,0.024,95642.5
2025-01-01,Ottawa,Detached,740017.92,2940.67,932,1354,458,0.0058,0.0315,97842.57
2025-02-01,Ottawa,Detached,736998.11,3443.3,579,1343,250,-0.0095,0.0308,98957.45
2025-03-01,Ottawa,Detached,731428.66,3755.51,525,1587,522,-0.0036,0.0291,97523.52
2025-04-01,Ottawa,Detached,730294.69,2748.5,1103,1324,390,-0.0054,0.0265,99340.87
2025-05-01,Ottawa,Detached,718986.47,3155.44,857,1498,827,0.003,0.0265,98949.96
2025-06-01,Ottawa,Detached,712020.37,3061.06,145,1422,370,0.0026,0.0269,99662.18
2025-07-01,Ottawa,Detached,730140.23,3139.11,1014,1529,648,0.0151,0.0287,98579.56
2025-08-01,Ottawa,Detached,736961.47,3514.48,1241,1325,614,0.0039,0.0313,99366.58
2025-09-01,Ottawa,Detached,736096.69,2683.25,782,1660,179,-0.0063,0.024,99203.51
2025-10-01,Ottawa,Detached,745407.85,3510.84,571,1583,431,0.0001,0.028,100021.24
2025-11-01,Ottawa,Detached,742079.16,3477.15,919,1768,509,-0.0044,0.0298,99499.83
2025-12-01,Ottawa,Detached,775386.03,3486.59,1001,1710,696,0.006,0.0294,99273.24
2026-01-01,Ottawa,Detached,775893.92,3941.86,900,1787,388,-0.0023,0.0243,102143.97
2026-02-01,Ottawa,Detached,800696.43,2928.92,832,1662,518,0.0081,0.0287,101169.9
2026-03-01,Ottawa,Detached,801707.89,2769.52,805,1708,617,0.0036,0.0244,101418.43
2026-04-01,Ottawa,Detached,815517.51,4131.31,490,1893,577,0.0029,0.0307,101685.78
2026-05-01,Ottawa,Detached,802339.41,3443.59,1554,1839,451,-0.002,0.0298,102564.45
2026-06-01,Ottawa,Detached,812173.45,3154.77,965,1778,726,-0.0012,0.0238,100160.63
2022-01-01,Ottawa,Townhouse,592190.57,1833.42,891,1630,586,0.008,0.0241,92666.5
2022-02-01,Ottawa,Townhouse,575090.26,2476.03,1218,1578,523,-0.0006,0.0269,92512.43
2022-03-01,Ottawa,Townhouse,578015.73,2032.68,852,1753,727,0.0002,0.0241,91172.39
2022-04-01,Ottawa,Townhouse,575186.79,2248.22,555,1609,384,0.0004,0.0257,91499.78
2022-05-01,Ottawa,Townhouse,589954.88,2628.61,883,1844,383,0.0134,0.0256,90787.5
2022-06-01,Ottawa,Townhouse,586394.13,1743.03,506,1658,489,-0.008,0.0244,90446.23
2022-07-01,Ottawa,Townhouse,596859.9,2589.84,1117,1894,553,0.0019,0.0262,93993.93
2022-08-01,Ottawa,Townhouse,602757.77,1679.56,978,1575,384,0.0123,0.027,91652.12
2022-09-01,Ottawa,Townhouse,606728.16,2976.91,887,1608,749,0.0084,0.0251,92014.13
2022-10-01,Ottawa,Townhouse,626465.85,3128.72,624,1709,563,0.0095,0.0283,92320.05
2022-11-01,Ottawa,Townhouse,637722.67,2647.43,1243,1802,116,0.008,0.0278,92261.8
2022-12-01,Ottawa,Townhouse,649943.16,2871.9,910,2034,621,0.006,0.0221,92105.35
2023-01-01,Ottawa,Townhouse,650252.76,2302.76,723,1863,591,0.0062,0.0263,93640.18
2023-02-01,Ottawa,Townhouse,655017.5,2408.11,1066,1776,324,0.0045,0.0228,93394.1
2023-03-01,Ottawa,Townhouse,666222.35,3348.53,497,1866,575,0.0005,0.0293,93228.98
2023-04-01,Ottawa,Townhouse,656620.2,2784.03,964,1751,368,0.002,0.0303,95303.51
2023-05-01,Ottawa,Townhouse,670643.01,3778.04,684,1449,438,0.0093,0.0243,95737.14
2023-06-01,Ottawa,Townhouse,668545.78,3151.12,810,1467,673,-0.0004,0.0287,96030.46
2023-07-01,Ottawa,Townhouse,658362.8,2613.99,908,1198,641,-0.0032,0.0236,93805.43
2023-08-01,Ottawa,Townhouse,673289.5,3698.38,926,1093,486,0.0044,0.028,94126.81
2023-09-01,Ottawa,Townhouse,670974.81,3619.25,683,862,650,-0.002,0.0302,93871.63
2023-10-01,Ottawa,Townhouse,670901.83,2963.5,1222,679,609,0.001,0.0251,93802.26
2023-11-01,Ottawa,Townhouse,666199.47,3289.91,1062,913,535,-0.0047,0.0277,94007.07
2023-12-01,Ottawa,Townhouse,671181.17,2522.76,543,1160,488,0.002,0.0267,92347.22
2024-01-01,Ottawa,Townhouse,681422.53,2372.24,1155,1114,664,0.0024,0.0283,96820.54
2024-02-01,Ottawa,Townhouse,704391.18,2680.49,922,1144,489,0.008,0.0258,97915.85
2024-03-01,Ottawa,Townhouse,708334.82,3237.65,877,1076,396,-0.005,0.0256,98710.04
2024-04-01,Ottawa,Townhouse,702257.65,2807.73,1036,1058,569,0.0049,0.0265,96846.27
2024-05-01,Ottawa,Townhouse,712563.81,3960.95,1027,991,500,0.0075,0.0279,97710.79
2024-06-01,Ottawa,Townhouse,717961.78,2611.62,661,1149,544,0.0107,0.0262,96222.15
2024-07-01,Ottawa,Townhouse,722810.9,2481.5,1131,1157,300,0.004,0.0226,98137.8
2024-08-01,Ottawa,Townhouse,727806.36,3191.43,1029,1327,345,0.0087,0.0284,96242.19
2024-09-01,Ottawa,Townhouse,744809.63,4216.01,555,1096,464,0.0061,0.0265,97471.86
2024-10-01,Ottawa,Townhouse,774034.96,2807.62,982,1079,504,0.011,0.0259,96146.19
2024-11-01,Ottawa,Townhouse,787287.94,3761.33,428,1280,638,0.0004,0.0255,97958.62
2024-12-01,Ottawa,Townhouse,796887.51,3233.1,986,1372,621,0.0166,0.0273,97241.29
2025-01-01,Ottawa,Townhouse,799924.47,3576.12,790,1448,633,-0.0006,0.0297,100030.82
2025-02-01,Ottawa,Townhouse,800240.83,4558.01,1036,1227,223,0.0028,0.0284,100633.25
2025-03-01,Ottawa,Townhouse,787131.09,4214.89,807,1297,575,0.0003,0.0254,100418.3
2025-04-01,Ottawa,Townhouse,787585.02,3475.95,1071,1006,411,-0.0061,0.0264,98268.71
2025-05-01,Ottawa,Townhouse,791738.81,3162.78,719,1122,310,0.0068,0.024,99440.28
2025-06-01,Ottawa,Townhouse,781499.9,3729.97,980,1536,471,-0.0002,0.0266,98862.03
2025-07-01,Ottawa,Townhouse,775263.6,3714.78,1055,1486,633,0.0011,0.031,98750.86
2025-08-01,Ottawa,Townhouse,776688.41,3927.91,734,1618,338,-0.0007,0.0293,98236.24
2025-09-01,Ottawa,Townhouse,803093.41,3887.42,1092,1711,723,0.007,0.0265,98446.83
2025-10-01,Ottawa,Townhouse,805662.29,2995.26,942,1913,703,0.0121,0.0287,97743.85
2025-11-01,Ottawa,Townhouse,820401.98,3311.47,581,1965,255,0.0074,0.0241,99764.03
2025-12-01,Ottawa,Townhouse,825736.62,4073.49,748,2029,664,0.0048,0.0304,99232.28
2026-01-01,Ottawa,Townhouse,829832.37,4363.33,1080,2052,533,0.0031,0.0303,102224.92
2026-02-01,Ottawa,Townhouse,820158.6,3141.51,955,2096,492,0.0104,0.0302,102751.32
2026-03-01,Ottawa,Townhouse,853958.09,4611.63,955,1933,506,0.0026,0.0232,102094.85
2026-04-01,Ottawa,Townhouse,861553.9,4052.9,1021,1858,650,0.0018,0.0299,101614.06
2026-05-01,Ottawa,Townhouse,843716.68,4389.74,964,1908,523,-0.0033,0.0294,102024.03
2026-06-01,Ottawa,Townhouse,849412.21,5079.13,802,2074,394,-0.0051,0.0287,101409.84
2022-01-01,Vancouver,Condo,760978.87,3568.05,1322,3419,154,-0.0039,0.0255,101251.61
2022-02-01,Vancouver,Condo,783792.34,2994.2,980,3246,439,0.002,0.0237,102934.45
2022-03-01,Vancouver,Condo,784462.13,3221.83,935,3222,568,-0.0013,0.0227,102488.65
2022-04-01,Vancouver,Condo,778099.0,3087.81,579,3158,672,-0.0006,0.0251,100663.6
2022-05-01,Vancouver,Condo,788444.73,3596.22,510,3271,486,0.0005,0.0254,101001.63
2022-06-01,Vancouver,Condo,802437.58,3713.81,986,3144,758,-0.003,0.0289,103704.53
2022-07-01,Vancouver,Condo,813930.85,3446.78,1052,3042,469,-0.0014,0.0259,101101.31
2022-08-01,Vancouver,Condo,822235.2,4872.57,868,3040,185,0.0054,0.0255,101349.67
2022-09-01,Vancouver,Condo,823149.4,4068.97,747,3012,282,0.0019,0.0216,102743.02
2022-10-01,Vancouver,Condo,837331.02,3474.9,710,3073,573,0.008,0.0247,98729.91
2022-11-01,Vancouver,Condo,851175.66,4027.59,724,3091,485,-0.0019,0.0301,101788.6
2022-12-01,Vancouver,Condo,861443.7,3518.13,959,3303,320,-0.0057,0.0244,100994.91
2023-01-01,Vancouver,Condo,841954.99,2654.54,1058,3350,584,-0.0064,0.0268,105677.24
2023-02-01,Vancouver,Condo,844067.39,4182.12,613,3198,182,-0.0031,0.0297,103972.95
2023-03-01,Vancouver,Condo,842104.78,3957.33,591,3115,422,0.0055,0.0233,108034.04
2023-04-01,Vancouver,Condo,825267.42,4148.75,888,3327,599,-0.0063,0.0255,103730.15
2023-05-01,Vancouver,Condo,818552.07,4076.33,734,3051,533,0.0068,0.0262,104259.99
2023-06-01,Vancouver,Condo,829074.11,4843.42,1110,2713,592,0.0063,0.0232,103760.23
2023-07-01,Vancouver,Condo,831703.95,3521.67,782,2602,625,0.0079,0.0259,103934.0
2023-08-01,Vancouver,Condo,836369.66,2451.62,590,2462,410,-0.0034,0.0281,105043.88
2023-09-01,Vancouver,Condo,844730.87,4570.63,680,2487,431,0.0062,0.0284,104594.96
2023-10-01,Vancouver,Condo,847207.85,4607.55,894,2659,467,-0.0006,0.0232,105807.43
2023-11-01,Vancouver,Condo,855544.51,4251.2,822,2532,404,-0.0026,0.0236,105777.38
2023-12-01,Vancouver,Condo,850590.02,4514.55,664,2561,560,0.0037,0.025,101832.37
2024-01-01,Vancouver,Condo,874690.28,4948.64,952,2587,493,0.0071,0.0286,107110.56
2024-02-01,Vancouver,Condo,891042.42,3593.73,979,2396,562,0.0118,0.0255,107910.39
2024-03-01,Vancouver,Condo,894468.5,3547.68,884,2431,304,-0.0033,0.0233,107903.66
2024-04-01,Vancouver,Condo,904614.24,4070.63,838,2156,647,-0.0013,0.0264,106705.53
2024-05-01,Vancouver,Condo,890770.19,4129.66,908,2548,597,0.0097,0.0255,107451.86
2024-06-01,Vancouver,Condo,903867.87,4033.48,1201,2468,404,0.0086,0.026,107488.19
2024-07-01,Vancouver,Condo,907005.87,4445.04,901,2629,491,-0.0061,0.0257,107039.98
2024-08-01,Vancouver,Condo,928944.15,4146.89,528,2479,485,0.0095,0.0256,105205.76
2024-09-01,Vancouver,Condo,932391.82,4806.68,953,2425,329,0.0017,0.0263,106465.32
2024-10-01,Vancouver,Condo,936286.16,4130.74,1175,2468,460,0.0084,0.0262,107311.08
2024-11-01,Vancouver,Condo,943730.46,3406.92,571,2333,498,-0.0068,0.0281,109278.66
2024-12-01,Vancouver,Condo,947953.13,4383.07,856,2232,115,-0.0045,0.0272,106741.77
2025-01-01,Vancouver,Condo,955014.9,5108.82,949,1786,387,0.0148,0.0292,109052.08
2025-02-01,Vancouver,Condo,972300.23,5462.31,896,1784,612,0.0027,0.0253,110422.61
2025-03-01,Vancouver,Condo,959054.7,4080.93,596,1543,532,-0.0086,0.0284,109528.8
2025-04-01,Vancouver,Condo,948983.04,3187.49,794,1594,535,-0.0027,0.0279,109582.4
2025-05-01,Vancouver,Condo,960110.85,3690.41,739,1439,172,0.0069,0.033,109716.42
2025-06-01,Vancouver,Condo,945127.91,5587.58,1240,1549,480,0.0076,0.0261,108898.94
2025-07-01,Vancouver,Condo,938542.73,3362.74,701,1634,423,0.0035,0.0268,109017.83
2025-08-01,Vancouver,Condo,960837.06,4503.06,699,1744,611,0.0017,0.0236,110146.89
2025-09-01,Vancouver,Condo,926984.98,4318.87,820,1641,208,-0.001,0.0263,111151.62
2025-10-01,Vancouver,Condo,927070.86,3406.64,626,1647,452,0.0041,0.0299,110657.48
2025-11-01,Vancouver,Condo,953034.3,3848.76,831,1734,522,0.0028,0.0263,108391.56
2025-12-01,Vancouver,Condo,963564.68,4383.38,650,1549,402,0.01,0.0324,109346.43
2026-01-01,Vancouver,Condo,987015.4,5320.69,574,1754,405,0.0068,0.0269,111307.76
2026-02-01,Vancouver,Condo,995628.4,3390.56,1001,1701,603,0.0098,0.0291,111614.81
2026-03-01,Vancouver,Condo,983314.77,3822.88,1168,1614,511,0.0005,0.0262,112368.3
2026-04-01,Vancouver,Condo,1006154.39,4228.15,580,1668,505,0.0123,0.0289,112151.66
2026-05-01,Vancouver,Condo,1006363.28,4063.65,956,1747,696,-0.0021,0.03,111393.83
2026-06-01,Vancouver,Condo,1029763.46,5178.22,1104,1846,496,-0.0005,0.0288,111934.08
2022-01-01,Vancouver,Detached,1299788.76,4861.64,740,1536,746,0.0025,0.0217,101356.1
2022-02-01,Vancouver,Detached,1302096.31,6477.65,932,1626,511,0.0015,0.0238,101649.01
2022-03-01,Vancouver,Detached,1274897.36,3014.72,820,1638,239,0.0056,0.0273,102306.75
2022-04-01,Vancouver,Detached,1276679.8,4929.99,870,1582,496,-0.0019,0.0265,101468.32
2022-05-01,Vancouver,Detached,1269124.17,6446.27,873,1532,574,0.0066,0.0245,101147.6
2022-06-01,Vancouver,Detached,1246288.58,5462.78,967,1433,538,0.0042,0.0219,102093.5
2022-07-01,Vancouver,Detached,1262866.73,5656.07,850,1375,633,-0.0012,0.0236,101280.71
2022-08-01,Vancouver,Detached,1297459.44,6239.86,718,1431,636,0.0071,0.0243,102496.15
2022-09-01,Vancouver,Detached,1343006.08,5218.91,977,1391,510,0.0046,0.0267,102824.67
2022-10-01,Vancouver,Detached,1321103.11,5186.15,621,1666,693,-0.0039,0.026,102316.87
2022-11-01,Vancouver,Detached,1303243.0,6230.79,245,1474,571,-0.0046,0.0269,100908.64
2022-12-01,Vancouver,Detached,1321774.5,7232.65,941,1258,350,-0.0024,0.0262,100827.96
2023-01-01,Vancouver,Detached,1281917.45,4914.43,742,1420,639,-0.0121,0.0225,104404.64
2023-02-01,Vancouver,Detached,1303935.77,5682.57,940,1417,343,0.0082,0.0254,103894.65
2023-03-01,Vancouver,Detached,1290393.5,4414.97,1159,1486,535,0.002,0.021,105846.14
2023-04-01,Vancouver,Detached,1319530.34,5458.86,733,1492,528,-0.0012,0.0254,106452.38
2023-05-01,Vancouver,Detached,1337873.26,5457.68,1082,1643,636,0.0041,0.0265,106164.67
2023-06-01,Vancouver,Detached,1342866.84,6562.17,1022,1635,629,0.001,0.0242,106465.57
2023-07-01,Vancouver,Detached,1333853.89,6652.18,991,1592,412,0.0014,0.0234,105268.17
2023-08-01,Vancouver,Detached,1309916.45,6175.46,729,1535,402,0.0006,0.0264,104441.36
2023-09-01,Vancouver,Detached,1294750.09,6996.1,696,1446,514,-0.0012,0.026,102813.58
2023-10-01,Vancouver,Detached,1262967.91,6646.88,640,1289,331,0.0012,0.0274,104217.53
2023-11-01,Vancouver,Detached,1265933.23,4797.97,772,1139,507,-0.0052,0.0244,104008.1
2023-12-01,Vancouver,Detached,1260630.07,6134.81,694,1514,489,0.0022,0.0242,103525.83
2024-01-01,Vancouver,Detached,1269357.89,7239.91,759,1482,424,-0.0056,0.0262,108958.07
2024-02-01,Vancouver,Detached,1267779.04,7253.74,686,1397,725,0.0013,0.0301,106754.77
2024-03-01,Vancouver,Detached,1268528.0,3395.54,789,1452,442,-0.0006,0.0291,105618.83
2024-04-01,Vancouver,Detached,1278308.39,3960.9,809,1463,648,0.0049,0.0235,106150.04
2024-05-01,Vancouver,Detached,1232233.32,5031.16,770,1451,692,-0.0056,0.0268,106625.55
2024-06-01,Vancouver,Detached,1201376.29,5725.1,819,1485,674,-0.0005,0.0275,106909.3
2024-07-01,Vancouver,Detached,1189578.48,6587.4,1058,1507,369,-0.0097,0.027,106718.49
2024-08-01,Vancouver,Detached,1194333.25,4769.53,630,1565,485,-0.0011,0.0264,105320.89
2024-09-01,Vancouver,Detached,1209236.9,6688.68,1061,1805,606,0.008,0.029,106816.15
2024-10-01,Vancouver,Detached,1212635.41,6259.44,965,2052,436,-0.0039,0.0266,109163.61
2024-11-01,Vancouver,Detached,1195490.22,3658.5,1350,1859,387,0.0122,0.0268,108213.58
2024-12-01,Vancouver,Detached,1188908.7,5543.52,1163,1632,470,-0.0072,0.0262,108462.55
2025-01-01,Vancouver,Detached,1183363.8,5727.47,1113,1752,448,0.0002,0.0281,108084.7
2025-02-01,Vancouver,Detached,1190899.03,5202.33,1099,2054,429,0.0021,0.0258,109262.0
2025-03-01,Vancouver,Detached,1192934.61,5968.63,1223,2136,639,0.0062,0.0273,108905.71
2025-04-01,Vancouver,Detached,1123509.42,4448.51,1171,2080,781,-0.0088,0.0299,110239.34
2025-05-01,Vancouver,Detached,1128317.23,3928.39,976,2095,371,-0.0006,0.0304,109492.15
2025-06-01,Vancouver,Detached,1139033.38,5849.91,748,1935,295,0.0033,0.0268,109921.75
2025-07-01,Vancouver,Detached,1159648.2,4735.58,405,1950,519,0.0038,0.0272,110289.4
2025-08-01,Vancouver,Detached,1190730.95,2640.89,967,1955,461,-0.0075,0.0277,108093.33
2025-09-01,Vancouver,Detached,1164322.21,4465.31,699,1705,391,-0.0025,0.0277,111125.74
2025-10-01,Vancouver,Detached,1178993.87,4249.95,785,1825,648,-0.0033,0.0331,107911.39
2025-11-01,Vancouver,Detached,1203787.01,5833.07,1019,1562,619,0.0104,0.0256,110890.84
2025-12-01,Vancouver,Detached,1223938.83,6770.71,802,1801,546,0.0014,0.0285,109942.08
2026-01-01,Vancouver,Detached,1228206.37,5601.99,1094,1742,395,0.0086,0.0265,110505.04
2026-02-01,Vancouver,Detached,1240146.88,4623.12,593,1999,440,0.0026,0.0294,111521.71
2026-03-01,Vancouver,Detached,1244923.97,5437.52,664,2041,200,-0.0082,0.025,113171.82
2026-04-01,Vancouver,Detached,1272559.82,4431.67,926,2122,361,0.005,0.0261,110134.5
2026-05-01,Vancouver,Detached,1318110.99,6309.94,867,1910,640,0.0137,0.0279,113654.47
2026-06-01,Vancouver,Detached,1330407.15,7028.99,1098,1789,486,0.0053,0.0265,110883.95
2022-01-01,Vancouver,Townhouse,953781.06,3855.44,844,2589,637,-0.0005,0.0253,102388.0
2022-02-01,Vancouver,Townhouse,966414.07,4213.39,1146,2383,623,0.0039,0.0245,101657.66
2022-03-01,Vancouver,Townhouse,967687.14,4336.97,793,2189,473,0.0023,0.0273,100999.64
2022-04-01,Vancouver,Townhouse,983961.31,5021.28,806,2497,706,0.0,0.0259,102600.89
2022-05-01,Vancouver,Townhouse,1011498.27,5982.82,894,2520,490,0.0026,0.0237,102570.67
2022-06-01,Vancouver,Townhouse,1043640.96,6491.23,862,2546,206,0.0082,0.0237,102310.8
2022-07-01,Vancouver,Townhouse,1081229.74,4104.52,1079,2605,539,0.0101,0.0273,99688.23
2022-08-01,Vancouver,Townhouse,1077027.85,5406.19,756,2706,666,0.0031,0.027,101300.95
2022-09-01,Vancouver,Townhouse,1077332.8,3149.67,546,2833,321,-0.0041,0.027,103269.59
2022-10-01,Vancouver,Townhouse,1089775.24,4846.43,1364,2822,492,-0.005,0.0242,102586.73
2022-11-01,Vancouver,Townhouse,1103377.93,5382.46,655,2877,417,-0.0061,0.0251,101743.99
2022-12-01,Vancouver,Townhouse,1110048.1,5139.83,1016,2870,557,0.0068,0.0229,101488.96
2023-01-01,Vancouver,Townhouse,1117965.41,4293.31,1181,2923,221,0.0011,0.0275,104193.93
2023-02-01,Vancouver,Townhouse,1085841.1,4195.37,1157,2936,603,-0.0012,0.0274,104227.53
2023-03-01,Vancouver,Townhouse,1090297.28,6666.05,904,2849,476,0.0043,0.023,104567.02
2023-04-01,Vancouver,Townhouse,1107109.01,3271.73,1012,2781,398,0.014,0.0264,104929.51
2023-05-01,Vancouver,Townhouse,1108302.4,4709.1,790,2629,519,-0.0013,0.0282,103775.89
2023-06-01,Vancouver,Townhouse,1135643.62,5515.86,1220,2685,634,0.0132,0.0256,105529.17
2023-07-01,Vancouver,Townhouse,1133322.8,5255.13,764,2624,521,0.0055,0.0269,105879.03
2023-08-01,Vancouver,Townhouse,1125919.82,5305.07,865,2768,354,-0.0036,0.0247,102204.26
2023-09-01,Vancouver,Townhouse,1127493.29,6487.94,498,2841,408,0.0011,0.0269,103963.98
2023-10-01,Vancouver,Townhouse,1141574.22,4955.19,455,3054,514,0.0011,0.0251,104185.31
2023-11-01,Vancouver,Townhouse,1142360.48,4879.76,837,3101,437,0.0051,0.0266,104120.56
2023-12-01,Vancouver,Townhouse,1143686.71,2317.05,964,3206,360,-0.0001,0.0233,103058.09
2024-01-01,Vancouver,Townhouse,1143552.6,6520.41,825,3163,679,0.0044,0.0301,107338.72
2024-02-01,Vancouver,Townhouse,1158907.13,5948.61,410,3089,623,-0.0034,0.0287,105856.67
2024-03-01,Vancouver,Townhouse,1175000.7,5696.12,635,3071,552,0.002,0.0285,106145.22
2024-04-01,Vancouver,Townhouse,1184392.2,5311.67,803,2658,280,0.0159,0.0273,109541.78
2024-05-01,Vancouver,Townhouse,1214747.46,5924.82,929,2576,615,0.0033,0.0276,108679.79
2024-06-01,Vancouver,Townhouse,1235867.4,5441.47,792,2522,437,0.0083,0.025,106341.49
2024-07-01,Vancouver,Townhouse,1238592.15,4850.51,640,2443,511,0.0109,0.0296,106168.91
2024-08-01,Vancouver,Townhouse,1282545.45,6018.52,672,2501,569,0.0037,0.0275,106754.38
2024-09-01,Vancouver,Townhouse,1302570.02,6805.05,1087,2391,414,0.0183,0.0275,106541.13
2024-10-01,Vancouver,Townhouse,1318421.73,6207.22,571,2361,630,-0.0064,0.0283,107987.99
2024-11-01,Vancouver,Townhouse,1272196.5,4110.8,819,2392,426,0.0016,0.0257,107171.97
2024-12-01,Vancouver,Townhouse,1287034.44,5793.88,646,2205,511,0.0063,0.0256,106662.53
2025-01-01,Vancouver,Townhouse,1277077.16,6260.37,832,2197,501,-0.0052,0.028,110109.14
2025-02-01,Vancouver,Townhouse,1285452.96,7163.47,606,2304,502,0.0128,0.0306,108222.53
2025-03-01,Vancouver,Townhouse,1279063.31,6524.46,1046,2400,507,-0.0002,0.0308,108827.83
2025-04-01,Vancouver,Townhouse,1307393.52,5097.63,963,2244,478,0.0003,0.0319,108949.12
2025-05-01,Vancouver,Townhouse,1306835.31,5029.4,817,2167,297,-0.0013,0.0259,108779.44
2025-06-01,Vancouver,Townhouse,1330077.8,6574.03,871,2127,367,0.0003,0.0277,110162.73
2025-07-01,Vancouver,Townhouse,1351358.87,5110.55,921,2064,699,0.008,0.0265,111422.46
2025-08-01,Vancouver,Townhouse,1368042.97,6988.29,765,1978,338,0.0036,0.0248,110671.69
2025-09-01,Vancouver,Townhouse,1366808.9,5832.41,1157,1696,664,0.0052,0.0259,108890.63
2025-10-01,Vancouver,Townhouse,1362006.01,5365.54,600,1405,510,0.0081,0.0286,108761.75
2025-11-01,Vancouver,Townhouse,1345925.03,5981.91,952,1320,437,-0.0103,0.0247,109573.35
2025-12-01,Vancouver,Townhouse,1374705.6,7103.0,574,1499,528,0.0089,0.0261,109750.8
2026-01-01,Vancouver,Townhouse,1414051.5,5567.04,1183,1085,544,0.0012,0.0261,112667.92
2026-02-01,Vancouver,Townhouse,1413470.29,6982.22,831,1354,618,-0.0028,0.0283,111584.66
2026-03-01,Vancouver,Townhouse,1388200.56,5665.14,1252,1349,572,-0.001,0.0278,110835.85
2026-04-01,Vancouver,Townhouse,1406784.79,5781.66,792,1479,342,0.0048,0.0286,112947.93
2026-05-01,Vancouver,Townhouse,1436465.75,6326.85,1301,1305,526,0.0043,0.0275,112828.92
2026-06-01,Vancouver,Townhouse,1454974.09,5097.44,874,1401,477,0.0043,0.0291,112653.74
2022-01-01,Calgary,Condo,411786.55,2264.55,460,3686,530,0.0097,0.0267,96097.2
2022-02-01,Calgary,Condo,410272.95,1739.72,483,3625,460,0.0006,0.024,98503.92
2022-03-01,Calgary,Condo,413045.79,1678.44,747,3810,662,-0.0017,0.0241,96319.72
2022-04-01,Calgary,Condo,410862.87,1712.92,743,3897,512,0.0027,0.0246,96813.96
2022-05-01,Calgary,Condo,416812.39,1793.79,543,3638,467,-0.0055,0.0243,96847.57
2022-06-01,Calgary,Condo,410750.78,1965.03,462,3716,466,-0.0018,0.028,96855.31
2022-07-01,Calgary,Condo,412109.08,2159.07,1199,4100,442,0.0094,0.0259,97348.61
2022-08-01,Calgary,Condo,411620.75,2360.96,1204,4103,355,0.0046,0.0226,98163.03
2022-09-01,Calgary,Condo,405446.86,1601.77,1218,3791,498,0.0063,0.0231,97930.82
2022-10-01,Calgary,Condo,429250.06,2072.24,901,3969,529,0.0034,0.0259,98260.26
2022-11-01,Calgary,Condo,425037.68,1756.08,918,3900,515,-0.0006,0.0282,96077.7
2022-12-01,Calgary,Condo,414549.57,1878.92,1105,3972,567,-0.0056,0.0287,96158.45
2023-01-01,Calgary,Condo,412553.83,1869.27,901,3992,526,-0.0027,0.0257,100641.63
2023-02-01,Calgary,Condo,425828.56,2282.6,968,4131,468,0.0151,0.0282,100634.82
2023-03-01,Calgary,Condo,423217.2,1911.83,1129,4204,272,0.0045,0.0254,99049.28
2023-04-01,Calgary,Condo,419250.58,1926.57,1438,4164,447,-0.0006,0.0294,101758.94
2023-05-01,Calgary,Condo,419796.69,2288.26,1013,3936,162,0.0011,0.0269,99182.54
2023-06-01,Calgary,Condo,423881.79,1901.57,941,4092,449,0.0063,0.0255,98497.23
2023-07-01,Calgary,Condo,426456.47,1656.58,938,4242,472,-0.0081,0.0262,99669.04
2023-08-01,Calgary,Condo,433629.36,1853.91,688,4214,162,0.0036,0.0254,98065.0
2023-09-01,Calgary,Condo,438234.73,1787.79,997,4306,429,0.0101,0.0258,98856.74
2023-10-01,Calgary,Condo,439356.38,1824.98,426,4244,571,0.0066,0.0256,97516.09
2023-11-01,Calgary,Condo,430692.53,1997.81,745,4136,541,-0.0008,0.029,98637.27
2023-12-01,Calgary,Condo,427403.6,2265.18,1011,3884,636,-0.0006,0.0276,98243.65
2024-01-01,Calgary,Condo,425463.29,2336.53,770,3712,636,0.0093,0.0267,101499.15
2024-02-01,Calgary,Condo,425495.47,2028.33,827,3745,262,-0.0056,0.0284,101722.96
2024-03-01,Calgary,Condo,425395.62,1964.87,819,3811,486,-0.013,0.0272,103262.58
2024-04-01,Calgary,Condo,420924.76,2377.83,562,3896,441,0.0149,0.0273,102755.75
2024-05-01,Calgary,Condo,414409.73,1923.17,607,4003,362,-0.0014,0.0281,101681.66
2024-06-01,Calgary,Condo,412263.43,1232.6,1067,3885,730,0.0111,0.0273,101837.13
2024-07-01,Calgary,Condo,401174.5,1635.44,720,3968,130,-0.015,0.0251,101355.74
2024-08-01,Calgary,Condo,397064.35,2107.21,841,3804,508,0.0033,0.0237,102496.12
2024-09-01,Calgary,Condo,396353.29,1599.55,558,3535,439,0.0042,0.025,100576.77
2024-10-01,Calgary,Condo,384085.36,1766.83,490,3837,420,-0.0057,0.0274,100807.11
2024-11-01,Calgary,Condo,394893.34,1741.27,842,3719,641,0.0056,0.0268,101576.86
2024-12-01,Calgary,Condo,397271.53,1946.85,1252,3921,541,0.0007,0.0252,102504.67
2025-01-01,Calgary,Condo,391199.66,1822.45,432,4015,526,-0.0023,0.0305,104858.63
2025-02-01,Calgary,Condo,390648.79,1670.96,535,3739,691,-0.0003,0.0281,106214.39
2025-03-01,Calgary,Condo,391902.86,1791.16,404,3539,472,0.0075,0.0286,103778.29
2025-04-01,Calgary,Condo,400034.45,1207.78,754,3376,380,0.0021,0.0289,104766.0
2025-05-01,Calgary,Condo,399216.03,1756.58,1109,3213,413,0.006,0.0234,105453.13
2025-06-01,Calgary,Condo,388401.18,1560.88,499,3246,278,0.0051,0.0261,104743.73
2025-07-01,Calgary,Condo,386604.29,1693.5,1025,3019,466,-0.0059,0.0268,104263.81
2025-08-01,Calgary,Condo,394757.98,1760.52,820,2867,356,-0.0081,0.0285,106240.49
2025-09-01,Calgary,Condo,400737.07,1668.79,764,2929,704,-0.0024,0.0269,103514.33
2025-10-01,Calgary,Condo,397907.45,1446.94,1148,2866,548,-0.0001,0.0295,103882.23
2025-11-01,Calgary,Condo,402935.96,1689.4,683,2800,343,-0.0022,0.0272,103616.94
2025-12-01,Calgary,Condo,396651.18,1742.67,788,2511,439,0.0075,0.0302,105517.59
2026-01-01,Calgary,Condo,401206.95,1445.42,968,2267,411,0.0124,0.03,106606.14
2026-02-01,Calgary,Condo,401371.19,2205.02,939,2001,517,0.01,0.0327,107730.11
2026-03-01,Calgary,Condo,420985.33,1613.08,791,1970,731,0.0064,0.0293,107040.96
2026-04-01,Calgary,Condo,425857.1,1588.15,769,1908,445,-0.0008,0.0314,105168.77
2026-05-01,Calgary,Condo,428180.02,2026.66,771,1807,566,0.0007,0.0277,107596.35
2026-06-01,Calgary,Condo,432629.38,1832.4,857,1776,478,0.0018,0.0248,107690.16
2022-01-01,Calgary,Detached,700843.16,2981.36,303,1285,319,-0.0003,0.0276,96802.36
2022-02-01,Calgary,Detached,716178.04,3318.02,886,1581,526,0.0031,0.024,97600.05
2022-03-01,Calgary,Detached,722115.06,3672.58,713,1700,656,0.0052,0.0227,98313.75
2022-04-01,Calgary,Detached,722394.63,3156.38,995,1619,442,0.0051,0.0239,96586.91
2022-05-01,Calgary,Detached,735238.01,3778.65,691,1353,504,0.0048,0.024,96451.4
2022-06-01,Calgary,Detached,740147.88,3672.47,1139,1025,316,0.0064,0.0255,95868.66
2022-07-01,Calgary,Detached,748845.18,4589.03,821,1129,679,0.0113,0.0237,97352.19
2022-08-01,Calgary,Detached,767037.43,3924.06,808,1187,523,0.0079,0.0264,97504.39
2022-09-01,Calgary,Detached,761323.69,3336.31,867,869,348,0.0011,0.0264,95619.42
2022-10-01,Calgary,Detached,766446.07,3881.76,1130,1039,575,-0.0049,0.0269,97297.34
2022-11-01,Calgary,Detached,776555.09,3325.88,1127,1158,476,0.0098,0.022,97833.7
2022-12-01,Calgary,Detached,760367.11,2067.75,795,1198,677,0.0011,0.0228,97456.86
2023-01-01,Calgary,Detached,772110.83,3468.36,1016,1220,425,0.0121,0.0214,98507.38
2023-02-01,Calgary,Detached,779872.46,3807.27,343,1492,557,0.0087,0.0279,101311.15
2023-03-01,Calgary,Detached,791002.15,2591.86,1021,1410,663,0.01,0.0258,97919.02
2023-04-01,Calgary,Detached,816728.93,3485.8,1159,1419,356,0.0033,0.0288,102326.46
2023-05-01,Calgary,Detached,818775.49,3989.54,454,1489,542,0.0049,0.0255,99136.52
2023-06-01,Calgary,Detached,795846.08,3838.61,587,1626,404,-0.0142,0.0207,99277.64
2023-07-01,Calgary,Detached,814604.24,3603.45,640,1691,531,0.0114,0.0261,100124.19
2023-08-01,Calgary,Detached,820731.11,3341.01,804,1880,562,-0.0042,0.0255,98524.94
2023-09-01,Calgary,Detached,826214.56,3896.31,615,2001,441,0.002,0.0245,100229.25
2023-10-01,Calgary,Detached,824691.71,4466.93,1037,2070,464,-0.0118,0.026,97611.9
2023-11-01,Calgary,Detached,833547.54,2954.3,685,2255,718,-0.0044,0.0283,98843.08
2023-12-01,Calgary,Detached,830435.96,3025.99,1020,2399,772,0.0041,0.0258,98839.28
2024-01-01,Calgary,Detached,856812.68,3101.67,841,2019,379,0.0105,0.0305,102724.56
2024-02-01,Calgary,Detached,860207.9,3241.9,1048,2212,369,0.0098,0.0241,102189.38
2024-03-01,Calgary,Detached,859596.96,3870.6,1151,2226,381,0.0096,0.0246,102316.89
2024-04-01,Calgary,Detached,874876.83,4062.41,482,2317,498,0.0082,0.0274,101867.98
2024-05-01,Calgary,Detached,873883.04,3757.7,591,2456,443,0.0027,0.0287,102265.96
2024-06-01,Calgary,Detached,893220.17,3222.9,1180,2235,331,0.0005,0.0267,101152.53
2024-07-01,Calgary,Detached,907661.83,4100.49,764,2049,528,-0.0006,0.0285,102249.02
2024-08-01,Calgary,Detached,912762.89,3198.33,944,2220,598,0.0008,0.0258,102588.24
2024-09-01,Calgary,Detached,907909.22,4243.24,672,2226,50,0.0023,0.0263,102424.79
2024-10-01,Calgary,Detached,885488.5,3211.67,961,2187,563,0.0019,0.0249,102617.99
2024-11-01,Calgary,Detached,893259.07,4247.35,886,2278,470,0.0004,0.0232,101087.38
2024-12-01,Calgary,Detached,867315.28,3097.46,518,2429,703,-0.0082,0.0255,101928.5
2025-01-01,Calgary,Detached,846874.45,4116.67,899,2542,322,-0.0031,0.0272,104610.09
2025-02-01,Calgary,Detached,848057.58,3189.16,599,2512,629,0.0065,0.0231,103398.84
2025-03-01,Calgary,Detached,848820.82,4476.57,795,2629,603,-0.0026,0.028,102947.75
2025-04-01,Calgary,Detached,853920.87,4125.73,946,2740,513,0.0026,0.0275,103954.64
2025-05-01,Calgary,Detached,849749.87,3691.19,1048,2926,654,0.0008,0.0264,106621.01
2025-06-01,Calgary,Detached,854270.56,3309.67,947,2869,603,0.0082,0.0247,103720.47
2025-07-01,Calgary,Detached,866108.41,3775.32,660,2970,435,-0.0029,0.0253,103900.94
2025-08-01,Calgary,Detached,857647.69,4116.47,249,2645,794,0.0055,0.0274,104983.78
2025-09-01,Calgary,Detached,828622.52,4993.12,979,2934,449,-0.0011,0.0276,105261.08
2025-10-01,Calgary,Detached,839348.5,3168.81,977,2995,491,-0.0001,0.0286,104836.72
2025-11-01,Calgary,Detached,842900.3,3837.62,765,3043,614,-0.0021,0.027,103066.67
2025-12-01,Calgary,Detached,842934.57,3604.3,626,3221,831,0.0048,0.028,105919.33
2026-01-01,Calgary,Detached,839693.5,3640.34,659,3192,517,0.0011,0.0302,108500.07
2026-02-01,Calgary,Detached,864981.03,3390.35,963,3335,780,0.0047,0.0251,107017.89
2026-03-01,Calgary,Detached,877648.99,4127.09,898,3505,453,0.0011,0.0279,107867.98
2026-04-01,Calgary,Detached,871175.73,4762.09,948,3717,553,-0.0119,0.0287,106536.36
2026-05-01,Calgary,Detached,866644.6,4482.22,997,3798,464,0.0062,0.0288,106458.33
2026-06-01,Calgary,Detached,860777.37,3615.11,433,3941,498,0.0027,0.0233,106540.98
2022-01-01,Calgary,Townhouse,511815.64,2821.17,830,3399,317,-0.0059,0.0251,96791.19
2022-02-01,Calgary,Townhouse,509963.75,1354.95,674,3620,736,-0.0037,0.026,97076.28
2022-03-01,Calgary,Townhouse,499776.37,1879.91,972,3372,661,0.0133,0.0265,96635.24
2022-04-01,Calgary,Townhouse,490853.49,2177.06,1223,3113,618,-0.004,0.0234,96809.34
2022-05-01,Calgary,Townhouse,488001.74,1795.52,957,2825,607,-0.0121,0.0309,97502.06
2022-06-01,Calgary,Townhouse,473208.23,2374.07,742,2858,565,0.0038,0.0251,96824.82
2022-07-01,Calgary,Townhouse,474315.85,2120.83,1238,2718,147,0.0173,0.0252,98256.08
2022-08-01,Calgary,Townhouse,478205.09,2104.82,932,2618,533,0.0138,0.0242,96943.93
2022-09-01,Calgary,Townhouse,480492.49,2036.03,969,2824,572,0.0084,0.0211,97101.66
2022-10-01,Calgary,Townhouse,476361.13,1879.68,721,2667,399,-0.0014,0.0238,96276.21
2022-11-01,Calgary,Townhouse,478868.78,2069.38,861,2503,545,-0.0061,0.0269,96883.38
2022-12-01,Calgary,Townhouse,481987.47,2095.75,688,2413,646,0.0025,0.0247,97520.94
2023-01-01,Calgary,Townhouse,483707.67,2564.94,806,2394,642,0.0074,0.0286,99195.39
2023-02-01,Calgary,Townhouse,488286.15,2310.14,672,2006,611,-0.0032,0.0238,100165.35
2023-03-01,Calgary,Townhouse,477599.9,1493.29,888,1889,558,0.0079,0.0269,99790.05
2023-04-01,Calgary,Townhouse,481902.29,2048.03,1026,1874,385,0.0068,0.026,98294.29
2023-05-01,Calgary,Townhouse,484218.26,2152.4,1288,1846,744,-0.004,0.0267,99582.28
2023-06-01,Calgary,Townhouse,480317.98,2943.47,1290,1806,330,0.0045,0.0277,98574.27
2023-07-01,Calgary,Townhouse,470835.14,2636.47,254,1885,679,0.0019,0.0245,101474.45
2023-08-01,Calgary,Townhouse,472676.34,2618.13,1395,1917,677,0.0073,0.0244,98148.38
2023-09-01,Calgary,Townhouse,466018.6,1643.28,1138,1888,520,0.0003,0.0258,99295.74
2023-10-01,Calgary,Townhouse,464614.04,2518.16,555,1988,594,0.0049,0.0279,99141.58
2023-11-01,Calgary,Townhouse,473967.16,1749.53,855,2409,649,0.0004,0.0248,99405.57
2023-12-01,Calgary,Townhouse,468300.37,2379.13,937,2182,594,0.0084,0.0275,98832.13
2024-01-01,Calgary,Townhouse,466254.74,1990.49,438,2262,219,0.0022,0.0281,102971.92
2024-02-01,Calgary,Townhouse,470335.85,1941.08,475,2537,545,0.0005,0.0267,102965.82
2024-03-01,Calgary,Townhouse,471529.23,1903.42,825,2417,316,-0.0035,0.0254,102109.21
2024-04-01,Calgary,Townhouse,460594.34,2187.41,895,2294,557,0.0047,0.0276,100491.45
2024-05-01,Calgary,Townhouse,456636.88,2156.33,877,2378,492,0.0041,0.0267,102898.04
2024-06-01,Calgary,Townhouse,464013.25,2172.61,854,2656,458,0.0067,0.029,102820.72
2024-07-01,Calgary,Townhouse,466470.69,2387.98,862,2885,566,-0.0032,0.0265,101051.98
2024-08-01,Calgary,Townhouse,472354.53,2817.96,990,2884,578,0.0019,0.0268,101883.65
2024-09-01,Calgary,Townhouse,457940.61,2214.87,918,3038,723,-0.0019,0.0292,101682.13
2024-10-01,Calgary,Townhouse,462240.49,1706.89,835,3012,776,0.0153,0.0273,101315.37
2024-11-01,Calgary,Townhouse,470915.43,2238.11,1142,3044,516,0.0087,0.0238,102370.3
2024-12-01,Calgary,Townhouse,466561.7,2328.01,749,3008,556,-0.0093,0.0298,100736.33
2025-01-01,Calgary,Townhouse,457228.02,2045.76,671,3042,637,-0.0054,0.0251,103824.31
2025-02-01,Calgary,Townhouse,450860.27,1671.53,659,3410,519,-0.0022,0.03,102688.75
2025-03-01,Calgary,Townhouse,462160.03,2632.49,1138,3428,555,0.0118,0.0282,104560.15
2025-04-01,Calgary,Townhouse,468556.1,1507.53,1216,3512,528,0.0071,0.0282,103462.64
2025-05-01,Calgary,Townhouse,471366.38,2254.93,923,3496,563,-0.0018,0.0278,105188.77
2025-06-01,Calgary,Townhouse,462354.42,2077.32,1148,3445,799,-0.0083,0.0298,105621.07
2025-07-01,Calgary,Townhouse,454423.74,1855.75,936,3780,50,0.0039,0.0238,104325.46
2025-08-01,Calgary,Townhouse,462804.81,2210.6,902,3670,265,0.004,0.0295,105360.62
2025-09-01,Calgary,Townhouse,452563.5,1850.64,767,3559,393,-0.0053,0.0255,102694.74
2025-10-01,Calgary,Townhouse,459349.06,1948.28,912,3303,308,0.0079,0.0267,105930.51
2025-11-01,Calgary,Townhouse,441278.73,1838.86,900,3403,630,0.0051,0.0261,103818.45
2025-12-01,Calgary,Townhouse,442446.87,2150.54,830,3194,548,0.0096,0.0255,104052.56
2026-01-01,Calgary,Townhouse,433647.52,1876.2,940,3174,508,0.0008,0.0284,106750.5
2026-02-01,Calgary,Townhouse,425911.24,1819.98,741,3420,728,0.0116,0.0265,104385.36
2026-03-01,Calgary,Townhouse,418164.73,2336.01,682,3456,564,-0.007,0.0276,106085.12
2026-04-01,Calgary,Townhouse,433344.96,2032.43,980,3366,356,0.0134,0.0321,108414.22
2026-05-01,Calgary,Townhouse,434511.08,2030.57,893,3412,375,0.0006,0.0279,107380.75
2026-06-01,Calgary,Townhouse,442173.74,2258.02,732,3349,342,0.0012,0.0272,105952.61
2022-01-01,Montreal,Condo,426535.88,1980.19,490,2235,618,0.0053,0.0231,84876.36
2022-02-01,Montreal,Condo,433113.06,2107.38,1045,2316,496,-0.0045,0.0252,84005.78
2022-03-01,Montreal,Condo,434101.57,2251.34,888,2179,388,0.0065,0.0225,84459.91
2022-04-01,Montreal,Condo,433643.7,2282.5,769,2203,919,-0.0035,0.0224,84498.48
2022-05-01,Montreal,Condo,433143.7,1815.12,538,1921,380,-0.0035,0.0242,86164.71
2022-06-01,Montreal,Condo,428007.0,1580.18,479,2055,678,-0.0012,0.0242,85300.51
2022-07-01,Montreal,Condo,430663.03,1765.6,1237,2164,534,0.0026,0.0227,84910.8
2022-08-01,Montreal,Condo,434555.16,2102.83,1101,1935,565,0.0047,0.0245,84759.09
2022-09-01,Montreal,Condo,432459.82,1849.93,850,1850,484,-0.002,0.028,84899.72
2022-10-01,Montreal,Condo,434785.27,1939.66,796,1757,403,-0.0071,0.0218,85589.29
2022-11-01,Montreal,Condo,436583.33,1607.69,1214,1767,567,0.0032,0.0205,85184.68
2022-12-01,Montreal,Condo,434344.76,1743.8,1069,1715,530,-0.0043,0.0215,86329.17
2023-01-01,Montreal,Condo,433315.96,1674.8,902,1870,451,0.0041,0.0252,87364.36
2023-02-01,Montreal,Condo,435433.31,2021.45,799,1804,476,0.0011,0.0229,88513.75
2023-03-01,Montreal,Condo,433953.71,2193.91,868,1694,428,0.0055,0.0275,88929.95
2023-04-01,Montreal,Condo,436786.57,2145.64,1053,1674,574,0.006,0.0266,88452.43
2023-05-01,Montreal,Condo,433089.61,988.44,919,1554,611,0.0023,0.0225,86447.08
2023-06-01,Montreal,Condo,434228.47,2121.8,639,1493,487,0.0005,0.0268,87341.83
2023-07-01,Montreal,Condo,439274.95,1810.9,941,1346,525,0.0069,0.022,86079.8
2023-08-01,Montreal,Condo,440596.08,1650.39,1122,1449,582,-0.0058,0.0269,86941.99
2023-09-01,Montreal,Condo,448028.3,1814.91,572,1298,368,0.0003,0.0299,87733.18
2023-10-01,Montreal,Condo,446765.5,1729.03,769,1375,269,-0.0011,0.0279,88326.38
2023-11-01,Montreal,Condo,436406.5,1573.17,1272,1367,667,-0.0064,0.0242,86391.19
2023-12-01,Montreal,Condo,442602.64,2234.48,1094,1290,633,0.0014,0.0285,87833.02
2024-01-01,Montreal,Condo,446626.73,2348.29,1239,1252,664,0.0019,0.026,90536.21
2024-02-01,Montreal,Condo,450252.47,2137.47,600,943,689,0.0125,0.0269,87989.8
2024-03-01,Montreal,Condo,449911.85,1881.57,939,1106,497,0.0012,0.0272,89711.96
2024-04-01,Montreal,Condo,454350.24,1798.06,1048,1053,702,0.0083,0.0259,89827.12
2024-05-01,Montreal,Condo,459884.38,1954.8,593,965,117,0.0026,0.0307,88650.94
2024-06-01,Montreal,Condo,452282.34,1805.26,1083,1104,535,0.0045,0.026,89622.31
2024-07-01,Montreal,Condo,459650.56,1951.45,898,1174,589,0.001,0.0253,90112.92
2024-08-01,Montreal,Condo,454259.57,2315.47,508,949,652,0.0031,0.0273,89359.29
2024-09-01,Montreal,Condo,457228.35,2345.86,947,930,251,-0.0012,0.0248,89492.84
2024-10-01,Montreal,Condo,463943.79,2778.87,975,858,721,0.01,0.026,88211.55
2024-11-01,Montreal,Condo,462782.47,2293.03,891,1131,525,-0.0015,0.026,88830.82
2024-12-01,Montreal,Condo,458517.9,2403.78,1030,1316,463,-0.0045,0.0265,88404.88
2025-01-01,Montreal,Condo,457414.87,2274.44,932,1253,424,0.0122,0.0248,90537.34
2025-02-01,Montreal,Condo,468679.07,2039.13,1063,1327,649,0.0076,0.0248,91316.43
2025-03-01,Montreal,Condo,471601.69,1330.35,822,1288,457,0.0086,0.0256,91338.18
2025-04-01,Montreal,Condo,467385.08,1976.43,730,1251,610,0.0034,0.0301,90840.01
2025-05-01,Montreal,Condo,475297.63,1868.79,781,1228,581,0.0081,0.0284,91773.52
2025-06-01,Montreal,Condo,482380.48,2520.13,674,1469,494,0.0069,0.0265,91173.29
2025-07-01,Montreal,Condo,481536.95,2296.32,1240,1578,699,-0.0033,0.0275,92265.86
2025-08-01,Montreal,Condo,482502.73,2206.16,933,1676,380,-0.004,0.0294,92449.55
2025-09-01,Montreal,Condo,482632.74,1550.52,921,1778,366,-0.0003,0.027,91750.38
2025-10-01,Montreal,Condo,488329.29,2230.12,886,1664,468,0.0058,0.0261,90432.08
2025-11-01,Montreal,Condo,474922.17,2605.64,1150,1619,706,-0.0139,0.0259,91957.03
2025-12-01,Montreal,Condo,481191.68,1843.03,892,1510,565,0.0093,0.0313,92261.44
2026-01-01,Montreal,Condo,488575.98,1926.18,972,1390,450,0.0007,0.0317,94578.73
2026-02-01,Montreal,Condo,506382.71,1975.37,933,1369,298,0.0052,0.025,93331.26
2026-03-01,Montreal,Condo,520039.27,2493.39,855,1149,752,0.002,0.0291,92272.46
2026-04-01,Montreal,Condo,516135.41,1983.3,1059,1109,519,-0.0019,0.028,93368.84
2026-05-01,Montreal,Condo,531177.91,2722.34,673,1168,184,0.0025,0.0295,91611.26
2026-06-01,Montreal,Condo,518978.5,2765.89,888,1456,507,-0.0093,0.0297,93596.0
2022-01-01,Montreal,Detached,716925.71,3514.32,1231,1346,328,-0.0014,0.0209,84873.37
2022-02-01,Montreal,Detached,726394.13,3178.09,804,1239,473,0.007,0.0256,85927.16
2022-03-01,Montreal,Detached,727729.02,2171.85,1054,1585,227,0.0002,0.0232,85778.88
2022-04-01,Montreal,Detached,724904.38,3796.0,1040,1600,554,-0.0019,0.0264,84762.19
2022-05-01,Montreal,Detached,725706.65,2860.44,708,1741,522,0.0089,0.0238,85790.59
2022-06-01,Montreal,Detached,737137.98,2959.02,866,1791,354,0.004,0.0248,85414.48
2022-07-01,Montreal,Detached,756633.19,3481.86,1039,1714,365,-0.0091,0.0251,85262.65
2022-08-01,Montreal,Detached,741618.3,3639.07,721,1885,647,-0.0113,0.0223,84321.04
2022-09-01,Montreal,Detached,752224.76,3492.07,703,1702,629,0.0045,0.0263,85544.24
2022-10-01,Montreal,Detached,759766.44,3498.78,627,1637,472,-0.0052,0.0264,85112.09
2022-11-01,Montreal,Detached,746987.14,3074.49,881,1430,678,0.0024,0.0242,84676.55
2022-12-01,Montreal,Detached,767032.05,3090.61,1151,1355,611,0.0063,0.0199,84858.85
2023-01-01,Montreal,Detached,768824.79,2856.08,1125,1186,669,-0.0009,0.029,87255.67
2023-02-01,Montreal,Detached,762198.69,4307.27,928,1161,479,0.0053,0.0286,87451.88
2023-03-01,Montreal,Detached,781497.38,3893.14,732,1257,312,0.0106,0.0276,87133.38
2023-04-01,Montreal,Detached,793122.36,3960.87,610,1410,464,0.0072,0.024,86905.7
2023-05-01,Montreal,Detached,797597.71,3278.18,891,1546,523,-0.0131,0.0243,87791.9
2023-06-01,Montreal,Detached,798366.35,4482.09,992,1184,184,-0.0083,0.0272,86982.32
2023-07-01,Montreal,Detached,791705.64,3336.42,424,1178,96,0.0062,0.0281,89449.42
2023-08-01,Montreal,Detached,801952.4,4554.88,1006,1223,399,0.0132,0.0272,85502.85
2023-09-01,Montreal,Detached,805080.24,3784.2,851,1149,701,0.0117,0.0251,87450.23
2023-10-01,Montreal,Detached,830507.0,2753.25,592,1175,497,0.0205,0.0292,87158.09
2023-11-01,Montreal,Detached,838343.69,3893.69,1065,1407,260,0.0101,0.025,88169.55
2023-12-01,Montreal,Detached,860277.71,3270.75,868,1410,454,0.0055,0.0246,87508.02
2024-01-01,Montreal,Detached,840451.54,4375.93,924,1222,619,0.0014,0.0227,90750.05
2024-02-01,Montreal,Detached,857313.4,3184.53,730,1158,618,0.0028,0.0264,90287.03
2024-03-01,Montreal,Detached,871336.75,3440.86,1193,1125,222,0.0041,0.0296,88398.11
2024-04-01,Montreal,Detached,860641.41,3713.43,1049,1224,591,0.0094,0.0279,88994.96
2024-05-01,Montreal,Detached,883163.03,4882.32,530,1345,371,0.0147,0.0296,88292.21
2024-06-01,Montreal,Detached,886040.75,4895.36,957,1296,707,0.0126,0.0273,86498.84
2024-07-01,Montreal,Detached,878801.23,3808.01,1073,1273,402,0.0091,0.0283,89808.78
2024-08-01,Montreal,Detached,886398.47,4973.38,1066,1466,612,0.0026,0.0253,88659.98
2024-09-01,Montreal,Detached,870576.43,4567.33,899,1463,494,-0.0005,0.0239,87782.49
2024-10-01,Montreal,Detached,873749.43,3152.64,1076,1434,662,-0.0037,0.0207,88305.18
2024-11-01,Montreal,Detached,853659.18,4102.43,917,1263,439,-0.004,0.0275,89503.41
2024-12-01,Montreal,Detached,863703.7,3296.42,501,1105,541,0.0047,0.0255,88178.74
2025-01-01,Montreal,Detached,894550.38,3967.11,946,1074,434,-0.0038,0.0311,92313.98
2025-02-01,Montreal,Detached,934113.16,4595.33,515,1176,506,0.008,0.0286,93204.05
2025-03-01,Montreal,Detached,959227.78,3640.65,854,1254,434,0.0068,0.0297,90164.38
2025-04-01,Montreal,Detached,991161.87,4904.62,1299,1164,580,0.0016,0.0276,91442.52
2025-05-01,Montreal,Detached,979115.17,3074.86,1000,1260,782,-0.0081,0.0309,90715.08
2025-06-01,Montreal,Detached,994705.42,4339.53,745,1340,374,-0.0067,0.0249,92094.3
2025-07-01,Montreal,Detached,989286.95,3840.07,728,1386,555,-0.0,0.0271,90797.24
2025-08-01,Montreal,Detached,995241.44,4219.35,917,1262,430,0.0114,0.0282,89907.82
2025-09-01,Montreal,Detached,985298.53,5207.54,836,1424,540,0.0009,0.0286,92211.36
2025-10-01,Montreal,Detached,978485.64,4173.05,928,1391,377,0.0032,0.0308,91716.67
2025-11-01,Montreal,Detached,974674.07,4370.48,847,1366,397,0.0044,0.029,89532.49
2025-12-01,Montreal,Detached,996199.49,3438.98,1025,1270,440,-0.0051,0.0267,92939.53
2026-01-01,Montreal,Detached,987043.88,4743.79,725,1219,384,-0.0038,0.0263,94147.67
2026-02-01,Montreal,Detached,982586.76,5403.69,867,1344,534,-0.0045,0.031,92447.85
2026-03-01,Montreal,Detached,998902.57,5009.86,765,1599,607,0.0092,0.0276,92578.46
2026-04-01,Montreal,Detached,1019120.04,4209.53,908,1384,726,-0.007,0.0291,94135.63
2026-05-01,Montreal,Detached,1011228.06,4243.24,254,1250,541,-0.003,0.0271,92088.16
2026-06-01,Montreal,Detached,1030573.28,5208.25,421,1239,468,0.0084,0.0281,93955.31
2022-01-01,Montreal,Townhouse,530311.66,2499.42,1016,1501,515,0.0011,0.0244,84715.45
2022-02-01,Montreal,Townhouse,525128.86,1981.75,1207,1569,349,0.0031,0.0251,84513.23
2022-03-01,Montreal,Townhouse,536293.58,2245.66,780,1415,518,-0.0021,0.0229,85181.82
2022-04-01,Montreal,Townhouse,531096.44,2237.22,1070,1489,333,-0.0066,0.0226,85176.71
2022-05-01,Montreal,Townhouse,528387.01,2400.78,643,1578,622,-0.0038,0.0243,84772.17
2022-06-01,Montreal,Townhouse,541037.17,2010.27,471,1592,563,0.0063,0.0265,83608.65
2022-07-01,Montreal,Townhouse,540745.5,2538.66,924,1518,292,-0.0,0.0263,84745.41
2022-08-01,Montreal,Townhouse,532293.9,2161.36,987,1608,709,-0.0021,0.0251,83789.46
2022-09-01,Montreal,Townhouse,533181.56,2804.8,1029,1526,547,0.0068,0.0268,84575.93
2022-10-01,Montreal,Townhouse,545206.7,3004.67,648,1758,314,0.0074,0.0281,86336.31
2022-11-01,Montreal,Townhouse,542599.22,2127.65,1092,1797,693,-0.0003,0.0288,83732.48
2022-12-01,Montreal,Townhouse,542660.84,1644.92,699,1529,517,-0.0034,0.0233,84649.18
2023-01-01,Montreal,Townhouse,545165.1,2253.64,848,1705,308,0.0056,0.0227,87280.26
2023-02-01,Montreal,Townhouse,541904.61,2578.0,1046,1779,589,-0.0089,0.0227,85574.86
2023-03-01,Montreal,Townhouse,530562.04,2405.53,904,1776,632,-0.005,0.025,87384.86
2023-04-01,Montreal,Townhouse,523654.39,1870.0,591,1922,794,0.005,0.0255,87683.45
2023-05-01,Montreal,Townhouse,521422.4,2780.97,1463,1806,498,-0.0007,0.0243,86619.15
2023-06-01,Montreal,Townhouse,526845.5,1841.48,1101,1757,463,0.0161,0.0233,86988.15
2023-07-01,Montreal,Townhouse,535889.38,2316.89,1181,1861,347,0.007,0.0253,86369.4
2023-08-01,Montreal,Townhouse,548036.78,2442.8,825,1910,438,0.0086,0.026,86767.96
2023-09-01,Montreal,Townhouse,541632.82,2377.2,941,1895,462,-0.005,0.0253,87613.38
2023-10-01,Montreal,Townhouse,547923.47,2337.69,788,1938,456,0.0011,0.0255,86926.39
2023-11-01,Montreal,Townhouse,546907.94,2681.12,556,2075,697,0.004,0.0273,87861.01
2023-12-01,Montreal,Townhouse,536776.09,2134.81,307,2100,645,0.0127,0.0248,86146.45
2024-01-01,Montreal,Townhouse,529568.84,2552.86,598,1973,330,-0.0069,0.0267,88832.83
2024-02-01,Montreal,Townhouse,522948.99,2768.85,932,2057,577,-0.0038,0.0233,89669.58
2024-03-01,Montreal,Townhouse,531322.47,2189.65,1239,2008,616,0.0152,0.026,88980.19
2024-04-01,Montreal,Townhouse,544594.06,2455.99,1434,1869,337,0.0065,0.0271,89791.54
2024-05-01,Montreal,Townhouse,537656.6,1791.64,1265,1757,613,0.0052,0.0283,87511.9
2024-06-01,Montreal,Townhouse,541772.98,1415.41,927,1693,256,0.0048,0.0233,88136.25
2024-07-01,Montreal,Townhouse,566230.39,2320.13,955,1861,485,-0.0074,0.0266,89792.83
2024-08-01,Montreal,Townhouse,575604.61,2282.1,1064,1971,344,0.0071,0.0265,87333.1
2024-09-01,Montreal,Townhouse,584843.62,3153.69,628,2016,670,-0.0045,0.0291,88432.71
2024-10-01,Montreal,Townhouse,589588.9,3058.53,1270,1725,329,0.0007,0.0266,89603.61
2024-11-01,Montreal,Townhouse,582671.26,2514.99,943,1760,503,0.0062,0.0223,88533.31
2024-12-01,Montreal,Townhouse,604344.37,3324.67,830,1724,476,0.0102,0.0254,89556.25
2025-01-01,Montreal,Townhouse,603768.21,2321.25,889,1753,219,-0.0001,0.0268,92369.53
2025-02-01,Montreal,Townhouse,607184.44,2796.58,932,2033,734,0.0065,0.028,90869.59
2025-03-01,Montreal,Townhouse,632906.85,3332.57,906,1922,560,0.0074,0.0267,91179.9
2025-04-01,Montreal,Townhouse,644478.59,3140.45,1301,2030,436,0.0071,0.0284,91957.55
2025-05-01,Montreal,Townhouse,648538.84,3484.32,909,1808,533,0.0067,0.0282,92700.31
2025-06-01,Montreal,Townhouse,638776.01,1979.3,696,1671,655,0.0034,0.0262,92987.86
2025-07-01,Montreal,Townhouse,635534.75,2528.41,486,1805,381,0.0024,0.0221,91914.0
2025-08-01,Montreal,Townhouse,646323.04,2956.9,646,1945,490,0.0116,0.0262,90672.1
2025-09-01,Montreal,Townhouse,652404.28,3041.76,1155,1770,672,0.0107,0.0271,90446.88
2025-10-01,Montreal,Townhouse,649767.99,2649.0,800,1803,251,0.0013,0.0283,90172.44
2025-11-01,Montreal,Townhouse,647993.64,3690.07,1185,1789,480,0.002,0.0281,91949.46
2025-12-01,Montreal,Townhouse,636156.75,2625.11,646,2035,421,0.0085,0.0302,92716.75
2026-01-01,Montreal,Townhouse,643749.68,2300.31,1421,1999,379,-0.002,0.0301,94123.19
2026-02-01,Montreal,Townhouse,644084.59,2695.93,826,2064,602,0.0061,0.0277,92461.93
2026-03-01,Montreal,Townhouse,646991.15,2587.92,1257,2050,396,0.0047,0.0282,94293.82
2026-04-01,Montreal,Townhouse,661502.96,3453.98,1012,2059,464,0.003,0.027,95365.33
2026-05-01,Montreal,Townhouse,658175.17,3379.69,821,2069,465,-0.0018,0.0285,92471.17
2026-06-01,Montreal,Townhouse,661687.54,3213.9,873,2124,651,0.0024,0.0299,93369.46
