month,region,property_type,avg_price,predicted_price,lower_bound,upper_bound,model_version
2022-01-01,Calgary,Condo,411786.55,417048.96,392026.02,442071.9,xgb_deepar_ensemble_v1
2022-02-01,Calgary,Condo,410272.95,418607.26,393490.82,443723.7,xgb_deepar_ensemble_v1
2022-03-01,Calgary,Condo,413045.79,425062.11,399558.38,450565.84,xgb_deepar_ensemble_v1
2022-04-01,Calgary,Condo,410862.87,410981.65,386322.75,435640.55,xgb_deepar_ensemble_v1
2022-05-01,Calgary,Condo,416812.39,422785.67,397418.53,448152.81,xgb_deepar_ensemble_v1
2022-06-01,Calgary,Condo,410750.78,413857.29,389025.85,438688.73,xgb_deepar_ensemble_v1
2022-07-01,Calgary,Condo,412109.08,415970.62,391012.38,440928.86,xgb_deepar_ensemble_v1
2022-08-01,Calgary,Condo,411620.75,411223.74,386550.32,435897.16,xgb_deepar_ensemble_v1
2022-09-01,Calgary,Condo,405446.86,407779.59,383312.81,432246.37,xgb_deepar_ensemble_v1
2022-10-01,Calgary,Condo,429250.06,433994.58,407954.91,460034.25,xgb_deepar_ensemble_v1
2022-11-01,Calgary,Condo,425037.68,427032.6,401410.64,452654.56,xgb_deepar_ensemble_v1
2022-12-01,Calgary,Condo,414549.57,414381.33,389518.45,439244.21,xgb_deepar_ensemble_v1
2023-01-01,Calgary,Condo,412553.83,420377.46,395154.81,445600.11,xgb_deepar_ensemble_v1
2023-02-01,Calgary,Condo,425828.56,428343.33,402642.73,454043.93,xgb_deepar_ensemble_v1
2023-03-01,Calgary,Condo,423217.2,423927.65,398491.99,449363.31,xgb_deepar_ensemble_v1
2023-04-01,Calgary,Condo,419250.58,421196.88,395925.07,446468.69,xgb_deepar_ensemble_v1
2023-05-01,Calgary,Condo,419796.69,420571.29,395337.01,445805.57,xgb_deepar_ensemble_v1
2023-06-01,Calgary,Condo,423881.79,421964.15,396646.3,447282.0,xgb_deepar_ensemble_v1
2023-07-01,Calgary,Condo,426456.47,430958.51,405101.0,456816.02,xgb_deepar_ensemble_v1
2023-08-01,Calgary,Condo,433629.36,434332.31,408272.37,460392.25,xgb_deepar_ensemble_v1
2023-09-01,Calgary,Condo,438234.73,433670.66,407650.42,459690.9,xgb_deepar_ensemble_v1
2023-10-01,Calgary,Condo,439356.38,446528.48,419736.77,473320.19,xgb_deepar_ensemble_v1
2023-11-01,Calgary,Condo,430692.53,430778.0,404931.32,456624.68,xgb_deepar_ensemble_v1
2023-12-01,Calgary,Condo,427403.6,421912.37,396597.63,447227.11,xgb_deepar_ensemble_v1
2024-01-01,Calgary,Condo,425463.29,426866.52,401254.53,452478.51,xgb_deepar_ensemble_v1
2024-02-01,Calgary,Condo,425495.47,423703.68,398281.46,449125.9,xgb_deepar_ensemble_v1
2024-03-01,Calgary,Condo,425395.62,428094.23,402408.58,453779.88,xgb_deepar_ensemble_v1
2024-04-01,Calgary,Condo,420924.76,416742.86,391738.29,441747.43,xgb_deepar_ensemble_v1
2024-05-01,Calgary,Condo,414409.73,414061.46,389217.77,438905.15,xgb_deepar_ensemble_v1
2024-06-01,Calgary,Condo,412263.43,405918.34,381563.24,430273.44,xgb_deepar_ensemble_v1
2024-07-01,Calgary,Condo,401174.5,396233.65,372459.63,420007.67,xgb_deepar_ensemble_v1
2024-08-01,Calgary,Condo,397064.35,399067.23,375123.2,423011.26,xgb_deepar_ensemble_v1
2024-09-01,Calgary,Condo,396353.29,395241.92,371527.4,418956.44,xgb_deepar_ensemble_v1
2024-10-01,Calgary,Condo,384085.36,392504.28,368954.02,416054.54,xgb_deepar_ensemble_v1
2024-11-01,Calgary,Condo,394893.34,392998.84,369418.91,416578.77,xgb_deepar_ensemble_v1
2024-12-01,Calgary,Condo,397271.53,399596.11,375620.34,423571.88,xgb_deepar_ensemble_v1
2025-01-01,Calgary,Condo,391199.66,386807.84,363599.37,410016.31,xgb_deepar_ensemble_v1
2025-02-01,Calgary,Condo,390648.79,399056.58,375113.19,422999.97,xgb_deepar_ensemble_v1
2025-03-01,Calgary,Condo,391902.86,393613.23,369996.44,417230.02,xgb_deepar_ensemble_v1
2025-04-01,Calgary,Condo,400034.45,394328.43,370668.72,417988.14,xgb_deepar_ensemble_v1
2025-05-01,Calgary,Condo,399216.03,401873.73,377761.31,425986.15,xgb_deepar_ensemble_v1
2025-06-01,Calgary,Condo,388401.18,387651.08,364392.02,410910.14,xgb_deepar_ensemble_v1
2025-07-01,Calgary,Condo,386604.29,397963.98,374086.14,421841.82,xgb_deepar_ensemble_v1
2025-08-01,Calgary,Condo,394757.98,401407.12,377322.69,425491.55,xgb_deepar_ensemble_v1
2025-09-01,Calgary,Condo,400737.07,398586.62,374671.42,422501.82,xgb_deepar_ensemble_v1
2025-10-01,Calgary,Condo,397907.45,402828.21,378658.52,426997.9,xgb_deepar_ensemble_v1
2025-11-01,Calgary,Condo,402935.96,406821.92,382412.6,431231.24,xgb_deepar_ensemble_v1
2025-12-01,Calgary,Condo,396651.18,396561.02,372767.36,420354.68,xgb_deepar_ensemble_v1
2026-01-01,Calgary,Condo,401206.95,401223.5,377150.09,425296.91,xgb_deepar_ensemble_v1
2026-02-01,Calgary,Condo,401371.19,401739.27,377634.91,425843.63,xgb_deepar_ensemble_v1
2026-03-01,Calgary,Condo,420985.33,417800.4,392732.38,442868.42,xgb_deepar_ensemble_v1
2026-04-01,Calgary,Condo,425857.1,429004.51,403264.24,454744.78,xgb_deepar_ensemble_v1
2026-05-01,Calgary,Condo,428180.02,427358.54,401717.03,453000.05,xgb_deepar_ensemble_v1
2026-06-01,Calgary,Condo,432629.38,433869.51,407837.34,459901.68,xgb_deepar_ensemble_v1
2022-01-01,Calgary,Detached,700843.16,700656.76,658617.35,742696.17,xgb_deepar_ensemble_v1
2022-02-01,Calgary,Detached,716178.04,712906.84,670132.43,755681.25,xgb_deepar_ensemble_v1
2022-03-01,Calgary,Detached,722115.06,741520.95,697029.69,786012.21,xgb_deepar_ensemble_v1
2022-04-01,Calgary,Detached,722394.63,727795.67,684127.93,771463.41,xgb_deepar_ensemble_v1
2022-05-01,Calgary,Detached,735238.01,744035.96,699393.8,788678.12,xgb_deepar_ensemble_v1
2022-06-01,Calgary,Detached,740147.88,766754.52,720749.25,812759.79,xgb_deepar_ensemble_v1
2022-07-01,Calgary,Detached,748845.18,751498.76,706408.83,796588.69,xgb_deepar_ensemble_v1
2022-08-01,Calgary,Detached,767037.43,763709.59,717887.01,809532.17,xgb_deepar_ensemble_v1
2022-09-01,Calgary,Detached,761323.69,748959.29,704021.73,793896.85,xgb_deepar_ensemble_v1
2022-10-01,Calgary,Detached,766446.07,756592.82,711197.25,801988.39,xgb_deepar_ensemble_v1
2022-11-01,Calgary,Detached,776555.09,785466.13,738338.16,832594.1,xgb_deepar_ensemble_v1
2022-12-01,Calgary,Detached,760367.11,750937.98,705881.7,795994.26,xgb_deepar_ensemble_v1
2023-01-01,Calgary,Detached,772110.83,756474.53,711086.06,801863.0,xgb_deepar_ensemble_v1
2023-02-01,Calgary,Detached,779872.46,783357.32,736355.88,830358.76,xgb_deepar_ensemble_v1
2023-03-01,Calgary,Detached,791002.15,793433.17,745827.18,841039.16,xgb_deepar_ensemble_v1
2023-04-01,Calgary,Detached,816728.93,836323.61,786144.19,886503.03,xgb_deepar_ensemble_v1
2023-05-01,Calgary,Detached,818775.49,807981.62,759502.72,856460.52,xgb_deepar_ensemble_v1
2023-06-01,Calgary,Detached,795846.08,808694.5,760172.83,857216.17,xgb_deepar_ensemble_v1
2023-07-01,Calgary,Detached,814604.24,795428.53,747702.82,843154.24,xgb_deepar_ensemble_v1
2023-08-01,Calgary,Detached,820731.11,836469.38,786281.22,886657.54,xgb_deepar_ensemble_v1
2023-09-01,Calgary,Detached,826214.56,832293.07,782355.49,882230.65,xgb_deepar_ensemble_v1
2023-10-01,Calgary,Detached,824691.71,818744.2,769619.55,867868.85,xgb_deepar_ensemble_v1
2023-11-01,Calgary,Detached,833547.54,849052.46,798109.31,899995.61,xgb_deepar_ensemble_v1
2023-12-01,Calgary,Detached,830435.96,835430.97,785305.11,885556.83,xgb_deepar_ensemble_v1
2024-01-01,Calgary,Detached,856812.68,866318.31,814339.21,918297.41,xgb_deepar_ensemble_v1
2024-02-01,Calgary,Detached,860207.9,864084.05,812239.01,915929.09,xgb_deepar_ensemble_v1
2024-03-01,Calgary,Detached,859596.96,874723.25,822239.86,927206.64,xgb_deepar_ensemble_v1
2024-04-01,Calgary,Detached,874876.83,885241.83,832127.32,938356.34,xgb_deepar_ensemble_v1
2024-05-01,Calgary,Detached,873883.04,867562.78,815509.01,919616.55,xgb_deepar_ensemble_v1
2024-06-01,Calgary,Detached,893220.17,887553.49,834300.28,940806.7,xgb_deepar_ensemble_v1
2024-07-01,Calgary,Detached,907661.83,902290.13,848152.72,956427.54,xgb_deepar_ensemble_v1
2024-08-01,Calgary,Detached,912762.89,924970.27,869472.05,980468.49,xgb_deepar_ensemble_v1
2024-09-01,Calgary,Detached,907909.22,918202.74,863110.58,973294.9,xgb_deepar_ensemble_v1
2024-10-01,Calgary,Detached,885488.5,892067.26,838543.22,945591.3,xgb_deepar_ensemble_v1
2024-11-01,Calgary,Detached,893259.07,894496.51,840826.72,948166.3,xgb_deepar_ensemble_v1
2024-12-01,Calgary,Detached,867315.28,864895.21,813001.5,916788.92,xgb_deepar_ensemble_v1
2025-01-01,Calgary,Detached,846874.45,853811.27,802582.59,905039.95,xgb_deepar_ensemble_v1
2025-02-01,Calgary,Detached,848057.58,859868.79,808276.66,911460.92,xgb_deepar_ensemble_v1
2025-03-01,Calgary,Detached,848820.82,860083.19,808478.2,911688.18,xgb_deepar_ensemble_v1
2025-04-01,Calgary,Detached,853920.87,873926.97,821491.35,926362.59,xgb_deepar_ensemble_v1
2025-05-01,Calgary,Detached,849749.87,870646.45,818407.66,922885.24,xgb_deepar_ensemble_v1
2025-06-01,Calgary,Detached,854270.56,854098.08,802852.2,905343.96,xgb_deepar_ensemble_v1
2025-07-01,Calgary,Detached,866108.41,895714.86,841971.97,949457.75,xgb_deepar_ensemble_v1
2025-08-01,Calgary,Detached,857647.69,876523.48,823932.07,929114.89,xgb_deepar_ensemble_v1
2025-09-01,Calgary,Detached,828622.52,835039.04,784936.7,885141.38,xgb_deepar_ensemble_v1
2025-10-01,Calgary,Detached,839348.5,846538.14,795745.85,897330.43,xgb_deepar_ensemble_v1
2025-11-01,Calgary,Detached,842900.3,851932.7,800816.74,903048.66,xgb_deepar_ensemble_v1
2025-12-01,Calgary,Detached,842934.57,841299.07,790821.13,891777.01,xgb_deepar_ensemble_v1
2026-01-01,Calgary,Detached,839693.5,836534.93,786342.83,886727.03,xgb_deepar_ensemble_v1
2026-02-01,Calgary,Detached,864981.03,869098.29,816952.39,921244.19,xgb_deepar_ensemble_v1
2026-03-01,Calgary,Detached,877648.99,877535.48,824883.35,930187.61,xgb_deepar_ensemble_v1
2026-04-01,Calgary,Detached,871175.73,845392.56,794669.01,896116.11,xgb_deepar_ensemble_v1
2026-05-01,Calgary,Detached,866644.6,876751.97,824146.85,929357.09,xgb_deepar_ensemble_v1
2026-06-01,Calgary,Detached,860777.37,844964.59,794266.71,895662.47,xgb_deepar_ensemble_v1
2022-01-01,Calgary,Townhouse,511815.64,516002.47,485042.32,546962.62,xgb_deepar_ensemble_v1
2022-02-01,Calgary,Townhouse,509963.75,509980.36,479381.54,540579.18,xgb_deepar_ensemble_v1
2022-03-01,Calgary,Townhouse,499776.37,498120.4,468233.18,528007.62,xgb_deepar_ensemble_v1
2022-04-01,Calgary,Townhouse,490853.49,497339.97,467499.57,527180.37,xgb_deepar_ensemble_v1
2022-05-01,Calgary,Townhouse,488001.74,485303.66,456185.44,514421.88,xgb_deepar_ensemble_v1
2022-06-01,Calgary,Townhouse,473208.23,469749.83,441564.84,497934.82,xgb_deepar_ensemble_v1
2022-07-01,Calgary,Townhouse,474315.85,477950.71,449273.67,506627.75,xgb_deepar_ensemble_v1
2022-08-01,Calgary,Townhouse,478205.09,481435.25,452549.13,510321.37,xgb_deepar_ensemble_v1
2022-09-01,Calgary,Townhouse,480492.49,478496.29,449786.51,507206.07,xgb_deepar_ensemble_v1
2022-10-01,Calgary,Townhouse,476361.13,474011.4,445570.72,502452.08,xgb_deepar_ensemble_v1
2022-11-01,Calgary,Townhouse,478868.78,476676.12,448075.55,505276.69,xgb_deepar_ensemble_v1
2022-12-01,Calgary,Townhouse,481987.47,485858.05,456706.57,515009.53,xgb_deepar_ensemble_v1
2023-01-01,Calgary,Townhouse,483707.67,488189.22,458897.87,517480.57,xgb_deepar_ensemble_v1
2023-02-01,Calgary,Townhouse,488286.15,495019.95,465318.75,524721.15,xgb_deepar_ensemble_v1
2023-03-01,Calgary,Townhouse,477599.9,478938.3,450202.0,507674.6,xgb_deepar_ensemble_v1
2023-04-01,Calgary,Townhouse,481902.29,478708.27,449985.77,507430.77,xgb_deepar_ensemble_v1
2023-05-01,Calgary,Townhouse,484218.26,490315.45,460896.52,519734.38,xgb_deepar_ensemble_v1
2023-06-01,Calgary,Townhouse,480317.98,497286.34,467449.16,527123.52,xgb_deepar_ensemble_v1
2023-07-01,Calgary,Townhouse,470835.14,481764.36,452858.5,510670.22,xgb_deepar_ensemble_v1
2023-08-01,Calgary,Townhouse,472676.34,468882.46,440749.51,497015.41,xgb_deepar_ensemble_v1
2023-09-01,Calgary,Townhouse,466018.6,472150.4,443821.38,500479.42,xgb_deepar_ensemble_v1
2023-10-01,Calgary,Townhouse,464614.04,465843.47,437892.86,493794.08,xgb_deepar_ensemble_v1
2023-11-01,Calgary,Townhouse,473967.16,475326.77,446807.16,503846.38,xgb_deepar_ensemble_v1
2023-12-01,Calgary,Townhouse,468300.37,468752.6,440627.44,496877.76,xgb_deepar_ensemble_v1
2024-01-01,Calgary,Townhouse,466254.74,463635.72,435817.58,491453.86,xgb_deepar_ensemble_v1
2024-02-01,Calgary,Townhouse,470335.85,463811.84,435983.13,491640.55,xgb_deepar_ensemble_v1
2024-03-01,Calgary,Townhouse,471529.23,475941.45,447384.96,504497.94,xgb_deepar_ensemble_v1
2024-04-01,Calgary,Townhouse,460594.34,456939.83,429523.44,484356.22,xgb_deepar_ensemble_v1
2024-05-01,Calgary,Townhouse,456636.88,455567.88,428233.81,482901.95,xgb_deepar_ensemble_v1
2024-06-01,Calgary,Townhouse,464013.25,463805.22,435976.91,491633.53,xgb_deepar_ensemble_v1
2024-07-01,Calgary,Townhouse,466470.69,468921.58,440786.29,497056.87,xgb_deepar_ensemble_v1
2024-08-01,Calgary,Townhouse,472354.53,471864.86,443552.97,500176.75,xgb_deepar_ensemble_v1
2024-09-01,Calgary,Townhouse,457940.61,459028.15,431486.46,486569.84,xgb_deepar_ensemble_v1
2024-10-01,Calgary,Townhouse,462240.49,461818.18,434109.09,489527.27,xgb_deepar_ensemble_v1
2024-11-01,Calgary,Townhouse,470915.43,474288.96,445831.62,502746.3,xgb_deepar_ensemble_v1
2024-12-01,Calgary,Townhouse,466561.7,470473.3,442244.9,498701.7,xgb_deepar_ensemble_v1
2025-01-01,Calgary,Townhouse,457228.02,467098.81,439072.88,495124.74,xgb_deepar_ensemble_v1
2025-02-01,Calgary,Townhouse,450860.27,455757.53,428412.08,483102.98,xgb_deepar_ensemble_v1
2025-03-01,Calgary,Townhouse,462160.03,460955.01,433297.71,488612.31,xgb_deepar_ensemble_v1
2025-04-01,Calgary,Townhouse,468556.1,473656.72,445237.32,502076.12,xgb_deepar_ensemble_v1
2025-05-01,Calgary,Townhouse,471366.38,478490.27,449780.85,507199.69,xgb_deepar_ensemble_v1
2025-06-01,Calgary,Townhouse,462354.42,461191.01,433519.55,488862.47,xgb_deepar_ensemble_v1
2025-07-01,Calgary,Townhouse,454423.74,453371.85,426169.54,480574.16,xgb_deepar_ensemble_v1
2025-08-01,Calgary,Townhouse,462804.81,452387.79,425244.52,479531.06,xgb_deepar_ensemble_v1
2025-09-01,Calgary,Townhouse,452563.5,462497.03,434747.21,490246.85,xgb_deepar_ensemble_v1
2025-10-01,Calgary,Townhouse,459349.06,462088.38,434363.08,489813.68,xgb_deepar_ensemble_v1
2025-11-01,Calgary,Townhouse,441278.73,450231.21,423217.34,477245.08,xgb_deepar_ensemble_v1
2025-12-01,Calgary,Townhouse,442446.87,436300.21,410122.2,462478.22,xgb_deepar_ensemble_v1
2026-01-01,Calgary,Townhouse,433647.52,423403.73,397999.51,448807.95,xgb_deepar_ensemble_v1
2026-02-01,Calgary,Townhouse,425911.24,429293.53,403535.92,455051.14,xgb_deepar_ensemble_v1
2026-03-01,Calgary,Townhouse,418164.73,415782.44,390835.49,440729.39,xgb_deepar_ensemble_v1
2026-04-01,Calgary,Townhouse,433344.96,436071.9,409907.59,462236.21,xgb_deepar_ensemble_v1
2026-05-01,Calgary,Townhouse,434511.08,432365.08,406423.18,458306.98,xgb_deepar_ensemble_v1
2026-06-01,Calgary,Townhouse,442173.74,448368.97,421466.83,475271.11,xgb_deepar_ensemble_v1
2022-01-01,Montreal,Condo,426535.88,426711.31,401108.63,452313.99,xgb_deepar_ensemble_v1
2022-02-01,Montreal,Condo,433113.06,434141.99,408093.47,460190.51,xgb_deepar_ensemble_v1
2022-03-01,Montreal,Condo,434101.57,438469.41,412161.25,464777.57,xgb_deepar_ensemble_v1
2022-04-01,Montreal,Condo,433643.7,433230.0,407236.2,459223.8,xgb_deepar_ensemble_v1
2022-05-01,Montreal,Condo,433143.7,433050.7,407067.66,459033.74,xgb_deepar_ensemble_v1
2022-06-01,Montreal,Condo,428007.0,436198.29,410026.39,462370.19,xgb_deepar_ensemble_v1
2022-07-01,Montreal,Condo,430663.03,432066.94,406142.92,457990.96,xgb_deepar_ensemble_v1
2022-08-01,Montreal,Condo,434555.16,437602.61,411346.45,463858.77,xgb_deepar_ensemble_v1
2022-09-01,Montreal,Condo,432459.82,436918.81,410703.68,463133.94,xgb_deepar_ensemble_v1
2022-10-01,Montreal,Condo,434785.27,437251.44,411016.35,463486.53,xgb_deepar_ensemble_v1
2022-11-01,Montreal,Condo,436583.33,441163.99,414694.15,467633.83,xgb_deepar_ensemble_v1
2022-12-01,Montreal,Condo,434344.76,446082.99,419318.01,472847.97,xgb_deepar_ensemble_v1
2023-01-01,Montreal,Condo,433315.96,440819.84,414370.65,467269.03,xgb_deepar_ensemble_v1
2023-02-01,Montreal,Condo,435433.31,430107.18,404300.75,455913.61,xgb_deepar_ensemble_v1
2023-03-01,Montreal,Condo,433953.71,424535.13,399063.02,450007.24,xgb_deepar_ensemble_v1
2023-04-01,Montreal,Condo,436786.57,434204.01,408151.77,460256.25,xgb_deepar_ensemble_v1
2023-05-01,Montreal,Condo,433089.61,422868.18,397496.09,448240.27,xgb_deepar_ensemble_v1
2023-06-01,Montreal,Condo,434228.47,422225.01,396891.51,447558.51,xgb_deepar_ensemble_v1
2023-07-01,Montreal,Condo,439274.95,435755.9,409610.55,461901.25,xgb_deepar_ensemble_v1
2023-08-01,Montreal,Condo,440596.08,437496.36,411246.58,463746.14,xgb_deepar_ensemble_v1
2023-09-01,Montreal,Condo,448028.3,450930.1,423874.29,477985.91,xgb_deepar_ensemble_v1
2023-10-01,Montreal,Condo,446765.5,451127.41,424059.77,478195.05,xgb_deepar_ensemble_v1
2023-11-01,Montreal,Condo,436406.5,449558.17,422584.68,476531.66,xgb_deepar_ensemble_v1
2023-12-01,Montreal,Condo,442602.64,440788.76,414341.43,467236.09,xgb_deepar_ensemble_v1
2024-01-01,Montreal,Condo,446626.73,445349.73,418628.75,472070.71,xgb_deepar_ensemble_v1
2024-02-01,Montreal,Condo,450252.47,453390.21,426186.8,480593.62,xgb_deepar_ensemble_v1
2024-03-01,Montreal,Condo,449911.85,457697.46,430235.61,485159.31,xgb_deepar_ensemble_v1
2024-04-01,Montreal,Condo,454350.24,454917.24,427622.21,482212.27,xgb_deepar_ensemble_v1
2024-05-01,Montreal,Condo,459884.38,456956.3,429538.92,484373.68,xgb_deepar_ensemble_v1
2024-06-01,Montreal,Condo,452282.34,439815.47,413426.54,466204.4,xgb_deepar_ensemble_v1
2024-07-01,Montreal,Condo,459650.56,466218.57,438245.46,494191.68,xgb_deepar_ensemble_v1
2024-08-01,Montreal,Condo,454259.57,454954.94,427657.64,482252.24,xgb_deepar_ensemble_v1
2024-09-01,Montreal,Condo,457228.35,467632.61,439574.65,495690.57,xgb_deepar_ensemble_v1
2024-10-01,Montreal,Condo,463943.79,475950.55,447393.52,504507.58,xgb_deepar_ensemble_v1
2024-11-01,Montreal,Condo,462782.47,475199.5,446687.53,503711.47,xgb_deepar_ensemble_v1
2024-12-01,Montreal,Condo,458517.9,462990.93,435211.47,490770.39,xgb_deepar_ensemble_v1
2025-01-01,Montreal,Condo,457414.87,464142.69,436294.13,491991.25,xgb_deepar_ensemble_v1
2025-02-01,Montreal,Condo,468679.07,463217.79,435424.72,491010.86,xgb_deepar_ensemble_v1
2025-03-01,Montreal,Condo,471601.69,476001.95,447441.83,504562.07,xgb_deepar_ensemble_v1
2025-04-01,Montreal,Condo,467385.08,467373.66,439331.24,495416.08,xgb_deepar_ensemble_v1
2025-05-01,Montreal,Condo,475297.63,483182.64,454191.68,512173.6,xgb_deepar_ensemble_v1
2025-06-01,Montreal,Condo,482380.48,481325.1,452445.59,510204.61,xgb_deepar_ensemble_v1
2025-07-01,Montreal,Condo,481536.95,482269.58,453333.41,511205.75,xgb_deepar_ensemble_v1
2025-08-01,Montreal,Condo,482502.73,479783.28,450996.28,508570.28,xgb_deepar_ensemble_v1
2025-09-01,Montreal,Condo,482632.74,495125.47,465417.94,524833.0,xgb_deepar_ensemble_v1
2025-10-01,Montreal,Condo,488329.29,491052.11,461588.98,520515.24,xgb_deepar_ensemble_v1
2025-11-01,Montreal,Condo,474922.17,471276.82,443000.21,499553.43,xgb_deepar_ensemble_v1
2025-12-01,Montreal,Condo,481191.68,480969.14,452110.99,509827.29,xgb_deepar_ensemble_v1
2026-01-01,Montreal,Condo,488575.98,483148.8,454159.87,512137.73,xgb_deepar_ensemble_v1
2026-02-01,Montreal,Condo,506382.71,515742.22,484797.69,546686.75,xgb_deepar_ensemble_v1
2026-03-01,Montreal,Condo,520039.27,529808.42,498019.91,561596.93,xgb_deepar_ensemble_v1
2026-04-01,Montreal,Condo,516135.41,519242.95,488088.37,550397.53,xgb_deepar_ensemble_v1
2026-05-01,Montreal,Condo,531177.91,535254.16,503138.91,567369.41,xgb_deepar_ensemble_v1
2026-06-01,Montreal,Condo,518978.5,512208.31,481475.81,542940.81,xgb_deepar_ensemble_v1
2022-01-01,Montreal,Detached,716925.71,733221.15,689227.88,777214.42,xgb_deepar_ensemble_v1
2022-02-01,Montreal,Detached,726394.13,729002.04,685261.92,772742.16,xgb_deepar_ensemble_v1
2022-03-01,Montreal,Detached,727729.02,748481.71,703572.81,793390.61,xgb_deepar_ensemble_v1
2022-04-01,Montreal,Detached,724904.38,722951.17,679574.1,766328.24,xgb_deepar_ensemble_v1
2022-05-01,Montreal,Detached,725706.65,732773.13,688806.74,776739.52,xgb_deepar_ensemble_v1
2022-06-01,Montreal,Detached,737137.98,747864.39,702992.53,792736.25,xgb_deepar_ensemble_v1
2022-07-01,Montreal,Detached,756633.19,766936.21,720920.04,812952.38,xgb_deepar_ensemble_v1
2022-08-01,Montreal,Detached,741618.3,743701.38,699079.3,788323.46,xgb_deepar_ensemble_v1
2022-09-01,Montreal,Detached,752224.76,765022.35,719121.01,810923.69,xgb_deepar_ensemble_v1
2022-10-01,Montreal,Detached,759766.44,766465.69,720477.75,812453.63,xgb_deepar_ensemble_v1
2022-11-01,Montreal,Detached,746987.14,750298.22,705280.33,795316.11,xgb_deepar_ensemble_v1
2022-12-01,Montreal,Detached,767032.05,760763.06,715117.28,806408.84,xgb_deepar_ensemble_v1
2023-01-01,Montreal,Detached,768824.79,783733.96,736709.92,830758.0,xgb_deepar_ensemble_v1
2023-02-01,Montreal,Detached,762198.69,765666.92,719726.9,811606.94,xgb_deepar_ensemble_v1
2023-03-01,Montreal,Detached,781497.38,789197.67,741845.81,836549.53,xgb_deepar_ensemble_v1
2023-04-01,Montreal,Detached,793122.36,795795.45,748047.72,843543.18,xgb_deepar_ensemble_v1
2023-05-01,Montreal,Detached,797597.71,804167.7,755917.64,852417.76,xgb_deepar_ensemble_v1
2023-06-01,Montreal,Detached,798366.35,798175.28,750284.76,846065.8,xgb_deepar_ensemble_v1
2023-07-01,Montreal,Detached,791705.64,819144.81,769996.12,868293.5,xgb_deepar_ensemble_v1
2023-08-01,Montreal,Detached,801952.4,822580.99,773226.13,871935.85,xgb_deepar_ensemble_v1
2023-09-01,Montreal,Detached,805080.24,814900.28,766006.26,863794.3,xgb_deepar_ensemble_v1
2023-10-01,Montreal,Detached,830507.0,836758.3,786552.8,886963.8,xgb_deepar_ensemble_v1
2023-11-01,Montreal,Detached,838343.69,848519.48,797608.31,899430.65,xgb_deepar_ensemble_v1
2023-12-01,Montreal,Detached,860277.71,855130.32,803822.5,906438.14,xgb_deepar_ensemble_v1
2024-01-01,Montreal,Detached,840451.54,849920.79,798925.54,900916.04,xgb_deepar_ensemble_v1
2024-02-01,Montreal,Detached,857313.4,859907.5,808313.05,911501.95,xgb_deepar_ensemble_v1
2024-03-01,Montreal,Detached,871336.75,870581.73,818346.83,922816.63,xgb_deepar_ensemble_v1
2024-04-01,Montreal,Detached,860641.41,857213.21,805780.42,908646.0,xgb_deepar_ensemble_v1
2024-05-01,Montreal,Detached,883163.03,879719.45,826936.28,932502.62,xgb_deepar_ensemble_v1
2024-06-01,Montreal,Detached,886040.75,894741.01,841056.55,948425.47,xgb_deepar_ensemble_v1
2024-07-01,Montreal,Detached,878801.23,882645.32,829686.6,935604.04,xgb_deepar_ensemble_v1
2024-08-01,Montreal,Detached,886398.47,881718.49,828815.38,934621.6,xgb_deepar_ensemble_v1
2024-09-01,Montreal,Detached,870576.43,878441.03,825734.57,931147.49,xgb_deepar_ensemble_v1
2024-10-01,Montreal,Detached,873749.43,878797.75,826069.88,931525.62,xgb_deepar_ensemble_v1
2024-11-01,Montreal,Detached,853659.18,856177.88,804807.21,907548.55,xgb_deepar_ensemble_v1
2024-12-01,Montreal,Detached,863703.7,882141.71,829213.21,935070.21,xgb_deepar_ensemble_v1
2025-01-01,Montreal,Detached,894550.38,895451.14,841724.07,949178.21,xgb_deepar_ensemble_v1
2025-02-01,Montreal,Detached,934113.16,923172.87,867782.5,978563.24,xgb_deepar_ensemble_v1
2025-03-01,Montreal,Detached,959227.78,964863.88,906972.05,1022755.71,xgb_deepar_ensemble_v1
2025-04-01,Montreal,Detached,991161.87,983585.77,924570.62,1042600.92,xgb_deepar_ensemble_v1
2025-05-01,Montreal,Detached,979115.17,992773.97,933207.53,1052340.41,xgb_deepar_ensemble_v1
2025-06-01,Montreal,Detached,994705.42,1005497.34,945167.5,1065827.18,xgb_deepar_ensemble_v1
2025-07-01,Montreal,Detached,989286.95,989696.12,930314.35,1049077.89,xgb_deepar_ensemble_v1
2025-08-01,Montreal,Detached,995241.44,1005222.88,944909.51,1065536.25,xgb_deepar_ensemble_v1
2025-09-01,Montreal,Detached,985298.53,984656.34,925576.96,1043735.72,xgb_deepar_ensemble_v1
2025-10-01,Montreal,Detached,978485.64,977164.82,918534.93,1035794.71,xgb_deepar_ensemble_v1
2025-11-01,Montreal,Detached,974674.07,958181.71,900690.81,1015672.61,xgb_deepar_ensemble_v1
2025-12-01,Montreal,Detached,996199.49,975686.82,917145.61,1034228.03,xgb_deepar_ensemble_v1
2026-01-01,Montreal,Detached,987043.88,986251.6,927076.5,1045426.7,xgb_deepar_ensemble_v1
2026-02-01,Montreal,Detached,982586.76,1006944.82,946528.13,1067361.51,xgb_deepar_ensemble_v1
2026-03-01,Montreal,Detached,998902.57,988853.75,929522.52,1048184.98,xgb_deepar_ensemble_v1
2026-04-01,Montreal,Detached,1019120.04,1022275.99,960939.43,1083612.55,xgb_deepar_ensemble_v1
2026-05-01,Montreal,Detached,1011228.06,1007418.11,946973.02,1067863.2,xgb_deepar_ensemble_v1
2026-06-01,Montreal,Detached,1030573.28,1040981.98,978523.06,1103440.9,xgb_deepar_ensemble_v1
2022-01-01,Montreal,Townhouse,530311.66,527288.69,495651.37,558926.01,xgb_deepar_ensemble_v1
2022-02-01,Montreal,Townhouse,525128.86,526563.78,494969.95,558157.61,xgb_deepar_ensemble_v1
2022-03-01,Montreal,Townhouse,536293.58,540968.88,508510.75,573427.01,xgb_deepar_ensemble_v1
2022-04-01,Montreal,Townhouse,531096.44,530051.52,498248.43,561854.61,xgb_deepar_ensemble_v1
2022-05-01,Montreal,Townhouse,528387.01,529558.21,497784.72,561331.7,xgb_deepar_ensemble_v1
2022-06-01,Montreal,Townhouse,541037.17,541840.53,509330.1,574350.96,xgb_deepar_ensemble_v1
2022-07-01,Montreal,Townhouse,540745.5,546219.12,513445.97,578992.27,xgb_deepar_ensemble_v1
2022-08-01,Montreal,Townhouse,532293.9,538333.09,506033.1,570633.08,xgb_deepar_ensemble_v1
2022-09-01,Montreal,Townhouse,533181.56,539995.02,507595.32,572394.72,xgb_deepar_ensemble_v1
2022-10-01,Montreal,Townhouse,545206.7,550135.74,517127.6,583143.88,xgb_deepar_ensemble_v1
2022-11-01,Montreal,Townhouse,542599.22,538434.08,506128.04,570740.12,xgb_deepar_ensemble_v1
2022-12-01,Montreal,Townhouse,542660.84,542196.52,509664.73,574728.31,xgb_deepar_ensemble_v1
2023-01-01,Montreal,Townhouse,545165.1,550608.01,517571.53,583644.49,xgb_deepar_ensemble_v1
2023-02-01,Montreal,Townhouse,541904.61,544356.16,511694.79,577017.53,xgb_deepar_ensemble_v1
2023-03-01,Montreal,Townhouse,530562.04,538044.05,505761.41,570326.69,xgb_deepar_ensemble_v1
2023-04-01,Montreal,Townhouse,523654.39,517983.26,486904.26,549062.26,xgb_deepar_ensemble_v1
2023-05-01,Montreal,Townhouse,521422.4,518074.86,486990.37,549159.35,xgb_deepar_ensemble_v1
2023-06-01,Montreal,Townhouse,526845.5,523751.97,492326.85,555177.09,xgb_deepar_ensemble_v1
2023-07-01,Montreal,Townhouse,535889.38,539854.25,507463.0,572245.5,xgb_deepar_ensemble_v1
2023-08-01,Montreal,Townhouse,548036.78,546130.26,513362.44,578898.08,xgb_deepar_ensemble_v1
2023-09-01,Montreal,Townhouse,541632.82,538117.16,505830.13,570404.19,xgb_deepar_ensemble_v1
2023-10-01,Montreal,Townhouse,547923.47,552254.6,519119.32,585389.88,xgb_deepar_ensemble_v1
2023-11-01,Montreal,Townhouse,546907.94,546425.83,513640.28,579211.38,xgb_deepar_ensemble_v1
2023-12-01,Montreal,Townhouse,536776.09,532113.12,500186.33,564039.91,xgb_deepar_ensemble_v1
2024-01-01,Montreal,Townhouse,529568.84,534200.93,502148.87,566252.99,xgb_deepar_ensemble_v1
2024-02-01,Montreal,Townhouse,522948.99,524331.02,492871.16,555790.88,xgb_deepar_ensemble_v1
2024-03-01,Montreal,Townhouse,531322.47,536407.2,504222.77,568591.63,xgb_deepar_ensemble_v1
2024-04-01,Montreal,Townhouse,544594.06,550296.91,517279.1,583314.72,xgb_deepar_ensemble_v1
2024-05-01,Montreal,Townhouse,537656.6,536001.32,503841.24,568161.4,xgb_deepar_ensemble_v1
2024-06-01,Montreal,Townhouse,541772.98,542025.84,509504.29,574547.39,xgb_deepar_ensemble_v1
2024-07-01,Montreal,Townhouse,566230.39,567572.64,533518.28,601627.0,xgb_deepar_ensemble_v1
2024-08-01,Montreal,Townhouse,575604.61,582337.17,547396.94,617277.4,xgb_deepar_ensemble_v1
2024-09-01,Montreal,Townhouse,584843.62,586837.62,551627.36,622047.88,xgb_deepar_ensemble_v1
2024-10-01,Montreal,Townhouse,589588.9,598981.88,563042.97,634920.79,xgb_deepar_ensemble_v1
2024-11-01,Montreal,Townhouse,582671.26,581192.04,546320.52,616063.56,xgb_deepar_ensemble_v1
2024-12-01,Montreal,Townhouse,604344.37,606660.57,570260.94,643060.2,xgb_deepar_ensemble_v1
2025-01-01,Montreal,Townhouse,603768.21,615148.35,578239.45,652057.25,xgb_deepar_ensemble_v1
2025-02-01,Montreal,Townhouse,607184.44,599703.21,563721.02,635685.4,xgb_deepar_ensemble_v1
2025-03-01,Montreal,Townhouse,632906.85,626101.84,588535.73,663667.95,xgb_deepar_ensemble_v1
2025-04-01,Montreal,Townhouse,644478.59,652102.02,612975.9,691228.14,xgb_deepar_ensemble_v1
2025-05-01,Montreal,Townhouse,648538.84,656664.15,617264.3,696064.0,xgb_deepar_ensemble_v1
2025-06-01,Montreal,Townhouse,638776.01,648456.79,609549.38,687364.2,xgb_deepar_ensemble_v1
2025-07-01,Montreal,Townhouse,635534.75,644166.66,605516.66,682816.66,xgb_deepar_ensemble_v1
2025-08-01,Montreal,Townhouse,646323.04,656517.57,617126.52,695908.62,xgb_deepar_ensemble_v1
2025-09-01,Montreal,Townhouse,652404.28,651173.28,612102.88,690243.68,xgb_deepar_ensemble_v1
2025-10-01,Montreal,Townhouse,649767.99,652421.17,613275.9,691566.44,xgb_deepar_ensemble_v1
2025-11-01,Montreal,Townhouse,647993.64,654663.7,615383.88,693943.52,xgb_deepar_ensemble_v1
2025-12-01,Montreal,Townhouse,636156.75,629750.57,591965.54,667535.6,xgb_deepar_ensemble_v1
2026-01-01,Montreal,Townhouse,643749.68,636809.08,598600.54,675017.62,xgb_deepar_ensemble_v1
2026-02-01,Montreal,Townhouse,644084.59,642189.54,603658.17,680720.91,xgb_deepar_ensemble_v1
2026-03-01,Montreal,Townhouse,646991.15,656832.87,617422.9,696242.84,xgb_deepar_ensemble_v1
2026-04-01,Montreal,Townhouse,661502.96,669815.57,629626.64,710004.5,xgb_deepar_ensemble_v1
2026-05-01,Montreal,Townhouse,658175.17,650914.74,611859.86,689969.62,xgb_deepar_ensemble_v1
2026-06-01,Montreal,Townhouse,661687.54,659914.82,620319.93,699509.71,xgb_deepar_ensemble_v1
2022-01-01,Ottawa,Condo,465196.79,464012.47,436171.72,491853.22,xgb_deepar_ensemble_v1
2022-02-01,Ottawa,Condo,462729.99,464877.46,436984.81,492770.11,xgb_deepar_ensemble_v1
2022-03-01,Ottawa,Condo,475815.17,478698.63,449976.71,507420.55,xgb_deepar_ensemble_v1
2022-04-01,Ottawa,Condo,462621.11,464389.15,436525.8,492252.5,xgb_deepar_ensemble_v1
2022-05-01,Ottawa,Condo,454678.68,451576.55,424481.96,478671.14,xgb_deepar_ensemble_v1
2022-06-01,Ottawa,Condo,458815.1,466310.52,438331.89,494289.15,xgb_deepar_ensemble_v1
2022-07-01,Ottawa,Condo,470855.18,478241.36,449546.88,506935.84,xgb_deepar_ensemble_v1
2022-08-01,Ottawa,Condo,466326.52,462491.66,434742.16,490241.16,xgb_deepar_ensemble_v1
2022-09-01,Ottawa,Condo,476862.22,477726.16,449062.59,506389.73,xgb_deepar_ensemble_v1
2022-10-01,Ottawa,Condo,479332.7,486998.24,457778.35,516218.13,xgb_deepar_ensemble_v1
2022-11-01,Ottawa,Condo,467493.49,471135.8,442867.65,499403.95,xgb_deepar_ensemble_v1
2022-12-01,Ottawa,Condo,470021.75,474324.3,445864.84,502783.76,xgb_deepar_ensemble_v1
2023-01-01,Ottawa,Condo,460869.92,460282.82,432665.85,487899.79,xgb_deepar_ensemble_v1
2023-02-01,Ottawa,Condo,475367.9,484924.78,455829.29,514020.27,xgb_deepar_ensemble_v1
2023-03-01,Ottawa,Condo,474000.18,469916.03,441721.07,498110.99,xgb_deepar_ensemble_v1
2023-04-01,Ottawa,Condo,476929.3,483761.19,454735.52,512786.86,xgb_deepar_ensemble_v1
2023-05-01,Ottawa,Condo,475965.37,487408.11,458163.62,516652.6,xgb_deepar_ensemble_v1
2023-06-01,Ottawa,Condo,475891.84,473619.52,445202.35,502036.69,xgb_deepar_ensemble_v1
2023-07-01,Ottawa,Condo,470970.86,479995.61,451195.87,508795.35,xgb_deepar_ensemble_v1
2023-08-01,Ottawa,Condo,468999.09,475281.59,446764.69,503798.49,xgb_deepar_ensemble_v1
2023-09-01,Ottawa,Condo,484604.01,482934.37,453958.31,511910.43,xgb_deepar_ensemble_v1
2023-10-01,Ottawa,Condo,496327.43,499154.77,469205.48,529104.06,xgb_deepar_ensemble_v1
2023-11-01,Ottawa,Condo,497348.59,507345.3,476904.58,537786.02,xgb_deepar_ensemble_v1
2023-12-01,Ottawa,Condo,489415.32,488842.12,459511.59,518172.65,xgb_deepar_ensemble_v1
2024-01-01,Ottawa,Condo,496543.04,495955.0,466197.7,525712.3,xgb_deepar_ensemble_v1
2024-02-01,Ottawa,Condo,496316.69,482021.04,453099.78,510942.3,xgb_deepar_ensemble_v1
2024-03-01,Ottawa,Condo,496132.22,488642.35,459323.81,517960.89,xgb_deepar_ensemble_v1
2024-04-01,Ottawa,Condo,482823.35,482585.31,453630.19,511540.43,xgb_deepar_ensemble_v1
2024-05-01,Ottawa,Condo,472468.57,473587.06,445171.84,502002.28,xgb_deepar_ensemble_v1
2024-06-01,Ottawa,Condo,479166.98,484271.84,455215.53,513328.15,xgb_deepar_ensemble_v1
2024-07-01,Ottawa,Condo,473004.68,479575.19,450800.68,508349.7,xgb_deepar_ensemble_v1
2024-08-01,Ottawa,Condo,485978.32,498782.98,468856.0,528709.96,xgb_deepar_ensemble_v1
2024-09-01,Ottawa,Condo,481673.2,487433.17,458187.18,516679.16,xgb_deepar_ensemble_v1
2024-10-01,Ottawa,Condo,480813.42,498786.6,468859.4,528713.8,xgb_deepar_ensemble_v1
2024-11-01,Ottawa,Condo,487119.05,493300.37,463702.35,522898.39,xgb_deepar_ensemble_v1
2024-12-01,Ottawa,Condo,481221.45,490593.64,461158.02,520029.26,xgb_deepar_ensemble_v1
2025-01-01,Ottawa,Condo,499044.38,496467.96,466679.88,526256.04,xgb_deepar_ensemble_v1
2025-02-01,Ottawa,Condo,487402.95,491912.92,462398.14,521427.7,xgb_deepar_ensemble_v1
2025-03-01,Ottawa,Condo,489552.11,496944.64,467127.96,526761.32,xgb_deepar_ensemble_v1
2025-04-01,Ottawa,Condo,500187.5,507698.17,477236.28,538160.06,xgb_deepar_ensemble_v1
2025-05-01,Ottawa,Condo,498781.08,498279.98,468383.18,528176.78,xgb_deepar_ensemble_v1
2025-06-01,Ottawa,Condo,500693.03,502506.57,472356.18,532656.96,xgb_deepar_ensemble_v1
2025-07-01,Ottawa,Condo,495336.5,490242.61,460828.05,519657.17,xgb_deepar_ensemble_v1
2025-08-01,Ottawa,Condo,488872.31,492778.06,463211.38,522344.74,xgb_deepar_ensemble_v1
2025-09-01,Ottawa,Condo,483349.96,479524.14,450752.69,508295.59,xgb_deepar_ensemble_v1
2025-10-01,Ottawa,Condo,479586.76,486888.53,457675.22,516101.84,xgb_deepar_ensemble_v1
2025-11-01,Ottawa,Condo,483454.83,486845.39,457634.67,516056.11,xgb_deepar_ensemble_v1
2025-12-01,Ottawa,Condo,493703.59,499760.28,469774.66,529745.9,xgb_deepar_ensemble_v1
2026-01-01,Ottawa,Condo,500008.94,505468.54,475140.43,535796.65,xgb_deepar_ensemble_v1
2026-02-01,Ottawa,Condo,495751.19,500349.04,470328.1,530369.98,xgb_deepar_ensemble_v1
2026-03-01,Ottawa,Condo,496634.26,503327.16,473127.53,533526.79,xgb_deepar_ensemble_v1
2026-04-01,Ottawa,Condo,483473.61,485874.54,456722.07,515027.01,xgb_deepar_ensemble_v1
2026-05-01,Ottawa,Condo,468560.62,461808.41,434099.91,489516.91,xgb_deepar_ensemble_v1
2026-06-01,Ottawa,Condo,469218.4,478001.7,449321.6,506681.8,xgb_deepar_ensemble_v1
2022-01-01,Ottawa,Detached,788743.97,785352.15,738231.02,832473.28,xgb_deepar_ensemble_v1
2022-02-01,Ottawa,Detached,781214.55,792661.43,745101.74,840221.12,xgb_deepar_ensemble_v1
2022-03-01,Ottawa,Detached,759352.56,767230.15,721196.34,813263.96,xgb_deepar_ensemble_v1
2022-04-01,Ottawa,Detached,751932.42,758328.51,712828.8,803828.22,xgb_deepar_ensemble_v1
2022-05-01,Ottawa,Detached,765442.14,770021.03,723819.77,816222.29,xgb_deepar_ensemble_v1
2022-06-01,Ottawa,Detached,772074.29,777734.92,731070.82,824399.02,xgb_deepar_ensemble_v1
2022-07-01,Ottawa,Detached,771485.73,776462.21,729874.48,823049.94,xgb_deepar_ensemble_v1
2022-08-01,Ottawa,Detached,766276.15,769630.5,723452.67,815808.33,xgb_deepar_ensemble_v1
2022-09-01,Ottawa,Detached,752335.75,754383.83,709120.8,799646.86,xgb_deepar_ensemble_v1
2022-10-01,Ottawa,Detached,753718.02,759395.57,713831.84,804959.3,xgb_deepar_ensemble_v1
2022-11-01,Ottawa,Detached,748695.1,756965.22,711547.31,802383.13,xgb_deepar_ensemble_v1
2022-12-01,Ottawa,Detached,743023.67,742426.94,697881.32,786972.56,xgb_deepar_ensemble_v1
2023-01-01,Ottawa,Detached,736363.79,741424.49,696939.02,785909.96,xgb_deepar_ensemble_v1
2023-02-01,Ottawa,Detached,732870.44,724627.26,681149.62,768104.9,xgb_deepar_ensemble_v1
2023-03-01,Ottawa,Detached,734177.84,730311.89,686493.18,774130.6,xgb_deepar_ensemble_v1
2023-04-01,Ottawa,Detached,743084.79,731423.47,687538.06,775308.88,xgb_deepar_ensemble_v1
2023-05-01,Ottawa,Detached,733831.57,734576.82,690502.21,778651.43,xgb_deepar_ensemble_v1
2023-06-01,Ottawa,Detached,736143.96,742316.71,697777.71,786855.71,xgb_deepar_ensemble_v1
2023-07-01,Ottawa,Detached,718516.29,727161.46,683531.77,770791.15,xgb_deepar_ensemble_v1
2023-08-01,Ottawa,Detached,724997.18,716754.85,673749.56,759760.14,xgb_deepar_ensemble_v1
2023-09-01,Ottawa,Detached,726329.99,736043.06,691880.48,780205.64,xgb_deepar_ensemble_v1
2023-10-01,Ottawa,Detached,725984.7,720398.9,677174.97,763622.83,xgb_deepar_ensemble_v1
2023-11-01,Ottawa,Detached,716879.08,716427.86,673442.19,759413.53,xgb_deepar_ensemble_v1
2023-12-01,Ottawa,Detached,723737.92,722507.59,679157.13,765858.05,xgb_deepar_ensemble_v1
2024-01-01,Ottawa,Detached,723065.22,738958.78,694621.25,783296.31,xgb_deepar_ensemble_v1
2024-02-01,Ottawa,Detached,726761.15,731131.81,687263.9,774999.72,xgb_deepar_ensemble_v1
2024-03-01,Ottawa,Detached,724530.78,744768.61,700082.49,789454.73,xgb_deepar_ensemble_v1
2024-04-01,Ottawa,Detached,737396.81,748678.79,703758.06,793599.52,xgb_deepar_ensemble_v1
2024-05-01,Ottawa,Detached,741039.25,741896.66,697382.86,786410.46,xgb_deepar_ensemble_v1
2024-06-01,Ottawa,Detached,741648.57,748071.12,703186.85,792955.39,xgb_deepar_ensemble_v1
2024-07-01,Ottawa,Detached,756430.44,771224.93,724951.43,817498.43,xgb_deepar_ensemble_v1
2024-08-01,Ottawa,Detached,747957.45,743633.93,699015.89,788251.97,xgb_deepar_ensemble_v1
2024-09-01,Ottawa,Detached,734453.63,733422.41,689417.07,777427.75,xgb_deepar_ensemble_v1
2024-10-01,Ottawa,Detached,736617.96,739342.23,694981.7,783702.76,xgb_deepar_ensemble_v1
2024-11-01,Ottawa,Detached,750160.23,750509.53,705478.96,795540.1,xgb_deepar_ensemble_v1
2024-12-01,Ottawa,Detached,733057.81,733903.03,689868.85,777937.21,xgb_deepar_ensemble_v1
2025-01-01,Ottawa,Detached,740017.92,757419.33,711974.17,802864.49,xgb_deepar_ensemble_v1
2025-02-01,Ottawa,Detached,736998.11,741315.28,696836.36,785794.2,xgb_deepar_ensemble_v1
2025-03-01,Ottawa,Detached,731428.66,731812.94,687904.16,775721.72,xgb_deepar_ensemble_v1
2025-04-01,Ottawa,Detached,730294.69,730070.08,686265.88,773874.28,xgb_deepar_ensemble_v1
2025-05-01,Ottawa,Detached,718986.47,710910.04,668255.44,753564.64,xgb_deepar_ensemble_v1
2025-06-01,Ottawa,Detached,712020.37,721496.27,678206.49,764786.05,xgb_deepar_ensemble_v1
2025-07-01,Ottawa,Detached,730140.23,727947.82,684270.95,771624.69,xgb_deepar_ensemble_v1
2025-08-01,Ottawa,Detached,736961.47,769892.09,723698.56,816085.62,xgb_deepar_ensemble_v1
2025-09-01,Ottawa,Detached,736096.69,742988.2,698408.91,787567.49,xgb_deepar_ensemble_v1
2025-10-01,Ottawa,Detached,745407.85,743560.04,698946.44,788173.64,xgb_deepar_ensemble_v1
2025-11-01,Ottawa,Detached,742079.16,734881.88,690788.97,778974.79,xgb_deepar_ensemble_v1
2025-12-01,Ottawa,Detached,775386.03,774432.39,727966.45,820898.33,xgb_deepar_ensemble_v1
2026-01-01,Ottawa,Detached,775893.92,782631.7,735673.8,829589.6,xgb_deepar_ensemble_v1
2026-02-01,Ottawa,Detached,800696.43,798625.97,750708.41,846543.53,xgb_deepar_ensemble_v1
2026-03-01,Ottawa,Detached,801707.89,810769.5,762123.33,859415.67,xgb_deepar_ensemble_v1
2026-04-01,Ottawa,Detached,815517.51,825285.33,775768.21,874802.45,xgb_deepar_ensemble_v1
2026-05-01,Ottawa,Detached,802339.41,810763.72,762117.9,859409.54,xgb_deepar_ensemble_v1
2026-06-01,Ottawa,Detached,812173.45,820256.39,771041.01,869471.77,xgb_deepar_ensemble_v1
2022-01-01,Ottawa,Townhouse,592190.57,594714.74,559031.86,630397.62,xgb_deepar_ensemble_v1
2022-02-01,Ottawa,Townhouse,575090.26,573142.6,538754.04,607531.16,xgb_deepar_ensemble_v1
2022-03-01,Ottawa,Townhouse,578015.73,572245.51,537910.78,606580.24,xgb_deepar_ensemble_v1
2022-04-01,Ottawa,Townhouse,575186.79,566970.08,532951.88,600988.28,xgb_deepar_ensemble_v1
2022-05-01,Ottawa,Townhouse,589954.88,589341.03,553980.57,624701.49,xgb_deepar_ensemble_v1
2022-06-01,Ottawa,Townhouse,586394.13,593267.66,557671.6,628863.72,xgb_deepar_ensemble_v1
2022-07-01,Ottawa,Townhouse,596859.9,599230.56,563276.73,635184.39,xgb_deepar_ensemble_v1
2022-08-01,Ottawa,Townhouse,602757.77,598083.98,562198.94,633969.02,xgb_deepar_ensemble_v1
2022-09-01,Ottawa,Townhouse,606728.16,615467.94,578539.86,652396.02,xgb_deepar_ensemble_v1
2022-10-01,Ottawa,Townhouse,626465.85,622059.99,584736.39,659383.59,xgb_deepar_ensemble_v1
2022-11-01,Ottawa,Townhouse,637722.67,631825.69,593916.15,669735.23,xgb_deepar_ensemble_v1
2022-12-01,Ottawa,Townhouse,649943.16,645287.37,606570.13,684004.61,xgb_deepar_ensemble_v1
2023-01-01,Ottawa,Townhouse,650252.76,647942.46,609065.91,686819.01,xgb_deepar_ensemble_v1
2023-02-01,Ottawa,Townhouse,655017.5,657011.0,617590.34,696431.66,xgb_deepar_ensemble_v1
2023-03-01,Ottawa,Townhouse,666222.35,659474.28,619905.82,699042.74,xgb_deepar_ensemble_v1
2023-04-01,Ottawa,Townhouse,656620.2,647175.17,608344.66,686005.68,xgb_deepar_ensemble_v1
2023-05-01,Ottawa,Townhouse,670643.01,676593.87,635998.24,717189.5,xgb_deepar_ensemble_v1
2023-06-01,Ottawa,Townhouse,668545.78,673151.28,632762.2,713540.36,xgb_deepar_ensemble_v1
2023-07-01,Ottawa,Townhouse,658362.8,664493.69,624624.07,704363.31,xgb_deepar_ensemble_v1
2023-08-01,Ottawa,Townhouse,673289.5,681696.21,640794.44,722597.98,xgb_deepar_ensemble_v1
2023-09-01,Ottawa,Townhouse,670974.81,674005.62,633565.28,714445.96,xgb_deepar_ensemble_v1
2023-10-01,Ottawa,Townhouse,670901.83,687083.52,645858.51,728308.53,xgb_deepar_ensemble_v1
2023-11-01,Ottawa,Townhouse,666199.47,667260.54,627224.91,707296.17,xgb_deepar_ensemble_v1
2023-12-01,Ottawa,Townhouse,671181.17,673374.93,632972.43,713777.43,xgb_deepar_ensemble_v1
2024-01-01,Ottawa,Townhouse,681422.53,694187.85,652536.58,735839.12,xgb_deepar_ensemble_v1
2024-02-01,Ottawa,Townhouse,704391.18,710314.58,667695.71,752933.45,xgb_deepar_ensemble_v1
2024-03-01,Ottawa,Townhouse,708334.82,709845.96,667255.2,752436.72,xgb_deepar_ensemble_v1
2024-04-01,Ottawa,Townhouse,702257.65,704917.27,662622.23,747212.31,xgb_deepar_ensemble_v1
2024-05-01,Ottawa,Townhouse,712563.81,705865.95,663513.99,748217.91,xgb_deepar_ensemble_v1
2024-06-01,Ottawa,Townhouse,717961.78,726202.28,682630.14,769774.42,xgb_deepar_ensemble_v1
2024-07-01,Ottawa,Townhouse,722810.9,723860.89,680429.24,767292.54,xgb_deepar_ensemble_v1
2024-08-01,Ottawa,Townhouse,727806.36,734310.57,690251.94,778369.2,xgb_deepar_ensemble_v1
2024-09-01,Ottawa,Townhouse,744809.63,758949.95,713412.95,804486.95,xgb_deepar_ensemble_v1
2024-10-01,Ottawa,Townhouse,774034.96,783884.74,736851.66,830917.82,xgb_deepar_ensemble_v1
2024-11-01,Ottawa,Townhouse,787287.94,792746.56,745181.77,840311.35,xgb_deepar_ensemble_v1
2024-12-01,Ottawa,Townhouse,796887.51,803541.44,755328.95,851753.93,xgb_deepar_ensemble_v1
2025-01-01,Ottawa,Townhouse,799924.47,804287.31,756030.07,852544.55,xgb_deepar_ensemble_v1
2025-02-01,Ottawa,Townhouse,800240.83,818717.29,769594.25,867840.33,xgb_deepar_ensemble_v1
2025-03-01,Ottawa,Townhouse,787131.09,773337.61,726937.35,819737.87,xgb_deepar_ensemble_v1
2025-04-01,Ottawa,Townhouse,787585.02,786664.87,739464.98,833864.76,xgb_deepar_ensemble_v1
2025-05-01,Ottawa,Townhouse,791738.81,787571.74,740317.44,834826.04,xgb_deepar_ensemble_v1
2025-06-01,Ottawa,Townhouse,781499.9,788327.14,741027.51,835626.77,xgb_deepar_ensemble_v1
2025-07-01,Ottawa,Townhouse,775263.6,776720.52,730117.29,823323.75,xgb_deepar_ensemble_v1
2025-08-01,Ottawa,Townhouse,776688.41,780656.12,733816.75,827495.49,xgb_deepar_ensemble_v1
2025-09-01,Ottawa,Townhouse,803093.41,823814.7,774385.82,873243.58,xgb_deepar_ensemble_v1
2025-10-01,Ottawa,Townhouse,805662.29,811413.41,762728.61,860098.21,xgb_deepar_ensemble_v1
2025-11-01,Ottawa,Townhouse,820401.98,831649.65,781750.67,881548.63,xgb_deepar_ensemble_v1
2025-12-01,Ottawa,Townhouse,825736.62,825302.84,775784.67,874821.01,xgb_deepar_ensemble_v1
2026-01-01,Ottawa,Townhouse,829832.37,826786.86,777179.65,876394.07,xgb_deepar_ensemble_v1
2026-02-01,Ottawa,Townhouse,820158.6,814072.68,765228.32,862917.04,xgb_deepar_ensemble_v1
2026-03-01,Ottawa,Townhouse,853958.09,871224.68,818951.2,923498.16,xgb_deepar_ensemble_v1
2026-04-01,Ottawa,Townhouse,861553.9,854292.68,803035.12,905550.24,xgb_deepar_ensemble_v1
2026-05-01,Ottawa,Townhouse,843716.68,842647.9,792089.03,893206.77,xgb_deepar_ensemble_v1
2026-06-01,Ottawa,Townhouse,849412.21,874990.77,822491.32,927490.22,xgb_deepar_ensemble_v1
2022-01-01,Toronto,Condo,620697.38,625925.91,588370.36,663481.46,xgb_deepar_ensemble_v1
2022-02-01,Toronto,Condo,624506.95,627350.4,589709.38,664991.42,xgb_deepar_ensemble_v1
2022-03-01,Toronto,Condo,630522.58,631485.84,593596.69,669374.99,xgb_deepar_ensemble_v1
2022-04-01,Toronto,Condo,629007.2,623415.54,586010.61,660820.47,xgb_deepar_ensemble_v1
2022-05-01,Toronto,Condo,639058.95,644414.27,605749.41,683079.13,xgb_deepar_ensemble_v1
2022-06-01,Toronto,Condo,627563.76,637402.03,599157.91,675646.15,xgb_deepar_ensemble_v1
2022-07-01,Toronto,Condo,633492.42,629706.57,591924.18,667488.96,xgb_deepar_ensemble_v1
2022-08-01,Toronto,Condo,612431.68,611585.57,574890.44,648280.7,xgb_deepar_ensemble_v1
2022-09-01,Toronto,Condo,602676.2,616437.18,579450.95,653423.41,xgb_deepar_ensemble_v1
2022-10-01,Toronto,Condo,612055.19,612018.87,575297.74,648740.0,xgb_deepar_ensemble_v1
2022-11-01,Toronto,Condo,611440.16,619138.55,581990.24,656286.86,xgb_deepar_ensemble_v1
2022-12-01,Toronto,Condo,618770.7,637300.99,599062.93,675539.05,xgb_deepar_ensemble_v1
2023-01-01,Toronto,Condo,633045.56,629502.38,591732.24,667272.52,xgb_deepar_ensemble_v1
2023-02-01,Toronto,Condo,633080.8,635117.47,597010.42,673224.52,xgb_deepar_ensemble_v1
2023-03-01,Toronto,Condo,635498.15,631606.91,593710.5,669503.32,xgb_deepar_ensemble_v1
2023-04-01,Toronto,Condo,644019.47,630368.26,592546.16,668190.36,xgb_deepar_ensemble_v1
2023-05-01,Toronto,Condo,652309.51,664693.65,624812.03,704575.27,xgb_deepar_ensemble_v1
2023-06-01,Toronto,Condo,660164.44,667399.98,627355.98,707443.98,xgb_deepar_ensemble_v1
2023-07-01,Toronto,Condo,642671.77,643257.52,604662.07,681852.97,xgb_deepar_ensemble_v1
2023-08-01,Toronto,Condo,651750.13,657788.55,618321.24,697255.86,xgb_deepar_ensemble_v1
2023-09-01,Toronto,Condo,661552.1,659861.14,620269.47,699452.81,xgb_deepar_ensemble_v1
2023-10-01,Toronto,Condo,669434.73,661263.91,621588.08,700939.74,xgb_deepar_ensemble_v1
2023-11-01,Toronto,Condo,679788.47,677682.32,637021.38,718343.26,xgb_deepar_ensemble_v1
2023-12-01,Toronto,Condo,694663.16,691565.24,650071.33,733059.15,xgb_deepar_ensemble_v1
2024-01-01,Toronto,Condo,708579.5,703453.02,661245.84,745660.2,xgb_deepar_ensemble_v1
2024-02-01,Toronto,Condo,712529.12,724040.76,680598.31,767483.21,xgb_deepar_ensemble_v1
2024-03-01,Toronto,Condo,710236.55,706250.71,663875.67,748625.75,xgb_deepar_ensemble_v1
2024-04-01,Toronto,Condo,729040.56,722924.19,679548.74,766299.64,xgb_deepar_ensemble_v1
2024-05-01,Toronto,Condo,735210.98,739680.42,695299.59,784061.25,xgb_deepar_ensemble_v1
2024-06-01,Toronto,Condo,738556.73,745392.57,700669.02,790116.12,xgb_deepar_ensemble_v1
2024-07-01,Toronto,Condo,727987.62,744629.71,699951.93,789307.49,xgb_deepar_ensemble_v1
2024-08-01,Toronto,Condo,735246.88,740467.8,696039.73,784895.87,xgb_deepar_ensemble_v1
2024-09-01,Toronto,Condo,745104.75,736453.02,692265.84,780640.2,xgb_deepar_ensemble_v1
2024-10-01,Toronto,Condo,761699.66,756973.82,711555.39,802392.25,xgb_deepar_ensemble_v1
2024-11-01,Toronto,Condo,762153.64,773413.07,727008.29,819817.85,xgb_deepar_ensemble_v1
2024-12-01,Toronto,Condo,761570.82,758888.85,713355.52,804422.18,xgb_deepar_ensemble_v1
2025-01-01,Toronto,Condo,747485.63,754490.41,709220.99,799759.83,xgb_deepar_ensemble_v1
2025-02-01,Toronto,Condo,756687.73,775758.89,729213.36,822304.42,xgb_deepar_ensemble_v1
2025-03-01,Toronto,Condo,746878.44,737363.26,693121.46,781605.06,xgb_deepar_ensemble_v1
2025-04-01,Toronto,Condo,748964.93,739102.12,694755.99,783448.25,xgb_deepar_ensemble_v1
2025-05-01,Toronto,Condo,754125.99,755346.82,710026.01,800667.63,xgb_deepar_ensemble_v1
2025-06-01,Toronto,Condo,745331.8,748010.82,703130.17,792891.47,xgb_deepar_ensemble_v1
2025-07-01,Toronto,Condo,738166.11,748509.48,703598.91,793420.05,xgb_deepar_ensemble_v1
2025-08-01,Toronto,Condo,727940.05,717444.87,674398.18,760491.56,xgb_deepar_ensemble_v1
2025-09-01,Toronto,Condo,730823.88,738705.35,694383.03,783027.67,xgb_deepar_ensemble_v1
2025-10-01,Toronto,Condo,727734.15,728536.97,684824.75,772249.19,xgb_deepar_ensemble_v1
2025-11-01,Toronto,Condo,747655.68,736139.66,691971.28,780308.04,xgb_deepar_ensemble_v1
2025-12-01,Toronto,Condo,743391.24,744179.09,699528.34,788829.84,xgb_deepar_ensemble_v1
2026-01-01,Toronto,Condo,731186.32,738061.08,693777.42,782344.74,xgb_deepar_ensemble_v1
2026-02-01,Toronto,Condo,735512.05,753415.02,708210.12,798619.92,xgb_deepar_ensemble_v1
2026-03-01,Toronto,Condo,720183.2,717793.0,674725.42,760860.58,xgb_deepar_ensemble_v1
2026-04-01,Toronto,Condo,709404.21,717879.12,674806.37,760951.87,xgb_deepar_ensemble_v1
2026-05-01,Toronto,Condo,695868.96,688028.15,646746.46,729309.84,xgb_deepar_ensemble_v1
2026-06-01,Toronto,Condo,689976.35,701052.28,658989.14,743115.42,xgb_deepar_ensemble_v1
2022-01-01,Toronto,Detached,1028712.37,1033803.37,971775.17,1095831.57,xgb_deepar_ensemble_v1
2022-02-01,Toronto,Detached,1024476.45,1046892.56,984079.01,1109706.11,xgb_deepar_ensemble_v1
2022-03-01,Toronto,Detached,1024196.1,1012442.24,951695.71,1073188.77,xgb_deepar_ensemble_v1
2022-04-01,Toronto,Detached,1034909.65,1025435.43,963909.3,1086961.56,xgb_deepar_ensemble_v1
2022-05-01,Toronto,Detached,1039735.68,1023560.25,962146.63,1084973.86,xgb_deepar_ensemble_v1
2022-06-01,Toronto,Detached,1021619.79,1046372.58,983590.23,1109154.93,xgb_deepar_ensemble_v1
2022-07-01,Toronto,Detached,1022347.83,1020891.37,959637.89,1082144.85,xgb_deepar_ensemble_v1
2022-08-01,Toronto,Detached,1016836.61,999590.44,939615.01,1059565.87,xgb_deepar_ensemble_v1
2022-09-01,Toronto,Detached,999244.83,994594.93,934919.23,1054270.63,xgb_deepar_ensemble_v1
2022-10-01,Toronto,Detached,1000720.15,1014243.22,953388.63,1075097.81,xgb_deepar_ensemble_v1
2022-11-01,Toronto,Detached,977686.0,988639.53,929321.16,1047957.9,xgb_deepar_ensemble_v1
2022-12-01,Toronto,Detached,995214.92,1003980.45,943741.62,1064219.28,xgb_deepar_ensemble_v1
2023-01-01,Toronto,Detached,981860.9,970681.84,912440.93,1028922.75,xgb_deepar_ensemble_v1
2023-02-01,Toronto,Detached,991847.95,993680.72,934059.88,1053301.56,xgb_deepar_ensemble_v1
2023-03-01,Toronto,Detached,981945.11,963402.52,905598.37,1021206.67,xgb_deepar_ensemble_v1
2023-04-01,Toronto,Detached,957678.33,944781.96,888095.04,1001468.88,xgb_deepar_ensemble_v1
2023-05-01,Toronto,Detached,974500.41,984896.83,925803.02,1043990.64,xgb_deepar_ensemble_v1
2023-06-01,Toronto,Detached,1002725.31,1016827.26,955817.62,1077836.9,xgb_deepar_ensemble_v1
2023-07-01,Toronto,Detached,1003081.47,1004247.14,943992.31,1064501.97,xgb_deepar_ensemble_v1
2023-08-01,Toronto,Detached,1023399.82,1005932.39,945576.45,1066288.33,xgb_deepar_ensemble_v1
2023-09-01,Toronto,Detached,1030302.75,1022870.35,961498.13,1084242.57,xgb_deepar_ensemble_v1
2023-10-01,Toronto,Detached,1016441.36,1015841.83,954891.32,1076792.34,xgb_deepar_ensemble_v1
2023-11-01,Toronto,Detached,1033219.22,1056069.38,992705.22,1119433.54,xgb_deepar_ensemble_v1
2023-12-01,Toronto,Detached,1045758.19,1042010.12,979489.51,1104530.73,xgb_deepar_ensemble_v1
2024-01-01,Toronto,Detached,1075894.69,1061890.56,998177.13,1125603.99,xgb_deepar_ensemble_v1
2024-02-01,Toronto,Detached,1065390.63,1054921.07,991625.81,1118216.33,xgb_deepar_ensemble_v1
2024-03-01,Toronto,Detached,1080079.71,1073447.35,1009040.51,1137854.19,xgb_deepar_ensemble_v1
2024-04-01,Toronto,Detached,1091329.93,1088641.48,1023322.99,1153959.97,xgb_deepar_ensemble_v1
2024-05-01,Toronto,Detached,1083044.77,1083954.19,1018916.94,1148991.44,xgb_deepar_ensemble_v1
2024-06-01,Toronto,Detached,1061474.49,1089882.29,1024489.35,1155275.23,xgb_deepar_ensemble_v1
2024-07-01,Toronto,Detached,1051178.39,1048050.42,985167.39,1110933.45,xgb_deepar_ensemble_v1
2024-08-01,Toronto,Detached,1003823.28,982849.05,923878.11,1041819.99,xgb_deepar_ensemble_v1
2024-09-01,Toronto,Detached,996887.66,1012397.27,951653.43,1073141.11,xgb_deepar_ensemble_v1
2024-10-01,Toronto,Detached,1010395.47,1005134.87,944826.78,1065442.96,xgb_deepar_ensemble_v1
2024-11-01,Toronto,Detached,1040006.35,1034715.43,972632.5,1096798.36,xgb_deepar_ensemble_v1
2024-12-01,Toronto,Detached,1030880.59,1027955.95,966278.59,1089633.31,xgb_deepar_ensemble_v1
2025-01-01,Toronto,Detached,1004209.54,1011589.14,950893.79,1072284.49,xgb_deepar_ensemble_v1
2025-02-01,Toronto,Detached,996445.5,1001678.98,941578.24,1061779.72,xgb_deepar_ensemble_v1
2025-03-01,Toronto,Detached,971801.12,980652.01,921812.89,1039491.13,xgb_deepar_ensemble_v1
2025-04-01,Toronto,Detached,943014.04,942831.16,886261.29,999401.03,xgb_deepar_ensemble_v1
2025-05-01,Toronto,Detached,937680.27,941808.11,885299.62,998316.6,xgb_deepar_ensemble_v1
2025-06-01,Toronto,Detached,947229.21,938870.7,882538.46,995202.94,xgb_deepar_ensemble_v1
2025-07-01,Toronto,Detached,945954.49,937811.5,881542.81,994080.19,xgb_deepar_ensemble_v1
2025-08-01,Toronto,Detached,938907.47,935750.06,879605.06,991895.06,xgb_deepar_ensemble_v1
2025-09-01,Toronto,Detached,944919.72,943454.24,886846.99,1000061.49,xgb_deepar_ensemble_v1
2025-10-01,Toronto,Detached,950662.12,935346.86,879226.05,991467.67,xgb_deepar_ensemble_v1
2025-11-01,Toronto,Detached,955678.7,945782.72,889035.76,1002529.68,xgb_deepar_ensemble_v1
2025-12-01,Toronto,Detached,962938.87,980219.7,921406.52,1039032.88,xgb_deepar_ensemble_v1
2026-01-01,Toronto,Detached,954240.37,970591.0,912355.54,1028826.46,xgb_deepar_ensemble_v1
2026-02-01,Toronto,Detached,935285.29,956275.1,898898.59,1013651.61,xgb_deepar_ensemble_v1
2026-03-01,Toronto,Detached,923777.22,939462.36,883094.62,995830.1,xgb_deepar_ensemble_v1
2026-04-01,Toronto,Detached,951979.19,965263.01,907347.23,1023178.79,xgb_deepar_ensemble_v1
2026-05-01,Toronto,Detached,952467.27,975022.86,916521.49,1033524.23,xgb_deepar_ensemble_v1
2026-06-01,Toronto,Detached,954881.29,965535.45,907603.32,1023467.58,xgb_deepar_ensemble_v1
2022-01-01,Toronto,Townhouse,775889.87,775823.08,729273.7,822372.46,xgb_deepar_ensemble_v1
2022-02-01,Toronto,Townhouse,791829.68,792105.6,744579.26,839631.94,xgb_deepar_ensemble_v1
2022-03-01,Toronto,Townhouse,810985.99,817084.29,768059.23,866109.35,xgb_deepar_ensemble_v1
2022-04-01,Toronto,Townhouse,814138.32,821222.84,771949.47,870496.21,xgb_deepar_ensemble_v1
2022-05-01,Toronto,Townhouse,816958.32,818681.74,769560.84,867802.64,xgb_deepar_ensemble_v1
2022-06-01,Toronto,Townhouse,827481.17,827388.08,777744.8,877031.36,xgb_deepar_ensemble_v1
2022-07-01,Toronto,Townhouse,825987.43,828701.77,778979.66,878423.88,xgb_deepar_ensemble_v1
2022-08-01,Toronto,Townhouse,824896.45,820428.11,771202.42,869653.8,xgb_deepar_ensemble_v1
2022-09-01,Toronto,Townhouse,821082.73,845572.6,794838.24,896306.96,xgb_deepar_ensemble_v1
2022-10-01,Toronto,Townhouse,832451.1,840648.38,790209.48,891087.28,xgb_deepar_ensemble_v1
2022-11-01,Toronto,Townhouse,839644.43,823455.74,774048.4,872863.08,xgb_deepar_ensemble_v1
2022-12-01,Toronto,Townhouse,847643.54,859554.69,807981.41,911127.97,xgb_deepar_ensemble_v1
2023-01-01,Toronto,Townhouse,855673.74,850849.16,799798.21,901900.11,xgb_deepar_ensemble_v1
2023-02-01,Toronto,Townhouse,846748.32,847876.02,797003.46,898748.58,xgb_deepar_ensemble_v1
2023-03-01,Toronto,Townhouse,843372.66,846787.59,795980.33,897594.85,xgb_deepar_ensemble_v1
2023-04-01,Toronto,Townhouse,829153.78,841015.47,790554.54,891476.4,xgb_deepar_ensemble_v1
2023-05-01,Toronto,Townhouse,832470.02,835406.53,785282.14,885530.92,xgb_deepar_ensemble_v1
2023-06-01,Toronto,Townhouse,859543.3,865812.44,813863.69,917761.19,xgb_deepar_ensemble_v1
2023-07-01,Toronto,Townhouse,849191.26,851287.8,800210.53,902365.07,xgb_deepar_ensemble_v1
2023-08-01,Toronto,Townhouse,840849.71,866879.24,814866.49,918891.99,xgb_deepar_ensemble_v1
2023-09-01,Toronto,Townhouse,855983.15,858999.03,807459.09,910538.97,xgb_deepar_ensemble_v1
2023-10-01,Toronto,Townhouse,846555.28,841213.87,790741.04,891686.7,xgb_deepar_ensemble_v1
2023-11-01,Toronto,Townhouse,836383.6,827082.13,777457.2,876707.06,xgb_deepar_ensemble_v1
2023-12-01,Toronto,Townhouse,843112.68,846635.99,795837.83,897434.15,xgb_deepar_ensemble_v1
2024-01-01,Toronto,Townhouse,855619.07,854605.47,803329.14,905881.8,xgb_deepar_ensemble_v1
2024-02-01,Toronto,Townhouse,854719.51,859948.03,808351.15,911544.91,xgb_deepar_ensemble_v1
2024-03-01,Toronto,Townhouse,862576.39,870446.6,818219.8,922673.4,xgb_deepar_ensemble_v1
2024-04-01,Toronto,Townhouse,859402.32,851318.17,800239.08,902397.26,xgb_deepar_ensemble_v1
2024-05-01,Toronto,Townhouse,873276.45,877520.91,824869.66,930172.16,xgb_deepar_ensemble_v1
2024-06-01,Toronto,Townhouse,844348.89,840657.96,790218.48,891097.44,xgb_deepar_ensemble_v1
2024-07-01,Toronto,Townhouse,847647.4,844183.01,793532.03,894833.99,xgb_deepar_ensemble_v1
2024-08-01,Toronto,Townhouse,861830.07,855813.8,804464.97,907162.63,xgb_deepar_ensemble_v1
2024-09-01,Toronto,Townhouse,874118.75,875188.36,822677.06,927699.66,xgb_deepar_ensemble_v1
2024-10-01,Toronto,Townhouse,882095.25,878344.44,825643.77,931045.11,xgb_deepar_ensemble_v1
2024-11-01,Toronto,Townhouse,890343.76,886678.97,833478.23,939879.71,xgb_deepar_ensemble_v1
2024-12-01,Toronto,Townhouse,903178.03,903077.74,848893.08,957262.4,xgb_deepar_ensemble_v1
2025-01-01,Toronto,Townhouse,884566.13,874780.27,822293.45,927267.09,xgb_deepar_ensemble_v1
2025-02-01,Toronto,Townhouse,893302.81,910567.22,855933.19,965201.25,xgb_deepar_ensemble_v1
2025-03-01,Toronto,Townhouse,884254.53,894296.31,840638.53,947954.09,xgb_deepar_ensemble_v1
2025-04-01,Toronto,Townhouse,903251.35,902898.51,848724.6,957072.42,xgb_deepar_ensemble_v1
2025-05-01,Toronto,Townhouse,878167.66,884743.03,831658.45,937827.61,xgb_deepar_ensemble_v1
2025-06-01,Toronto,Townhouse,875717.42,869687.85,817506.58,921869.12,xgb_deepar_ensemble_v1
2025-07-01,Toronto,Townhouse,874536.83,879059.3,826315.74,931802.86,xgb_deepar_ensemble_v1
2025-08-01,Toronto,Townhouse,896670.37,884390.39,831326.97,937453.81,xgb_deepar_ensemble_v1
2025-09-01,Toronto,Townhouse,913493.32,916458.17,861470.68,971445.66,xgb_deepar_ensemble_v1
2025-10-01,Toronto,Townhouse,928206.6,933174.83,877184.34,989165.32,xgb_deepar_ensemble_v1
2025-11-01,Toronto,Townhouse,921164.54,920902.94,865648.76,976157.12,xgb_deepar_ensemble_v1
2025-12-01,Toronto,Townhouse,952179.22,964041.84,906199.33,1021884.35,xgb_deepar_ensemble_v1
2026-01-01,Toronto,Townhouse,960465.84,955282.18,897965.25,1012599.11,xgb_deepar_ensemble_v1
2026-02-01,Toronto,Townhouse,994728.19,1000136.7,940128.5,1060144.9,xgb_deepar_ensemble_v1
2026-03-01,Toronto,Townhouse,1005465.8,1015935.17,954979.06,1076891.28,xgb_deepar_ensemble_v1
2026-04-01,Toronto,Townhouse,993816.86,1003815.7,943586.76,1064044.64,xgb_deepar_ensemble_v1
2026-05-01,Toronto,Townhouse,984566.34,988211.81,928919.1,1047504.52,xgb_deepar_ensemble_v1
2026-06-01,Toronto,Townhouse,1015828.0,1039401.1,977037.03,1101765.17,xgb_deepar_ensemble_v1
2022-01-01,Vancouver,Condo,760978.87,770967.21,724709.18,817225.24,xgb_deepar_ensemble_v1
2022-02-01,Vancouver,Condo,783792.34,792828.18,745258.49,840397.87,xgb_deepar_ensemble_v1
2022-03-01,Vancouver,Condo,784462.13,781018.53,734157.42,827879.64,xgb_deepar_ensemble_v1
2022-04-01,Vancouver,Condo,778099.0,781885.99,734972.83,828799.15,xgb_deepar_ensemble_v1
2022-05-01,Vancouver,Condo,788444.73,786686.24,739485.07,833887.41,xgb_deepar_ensemble_v1
2022-06-01,Vancouver,Condo,802437.58,824644.75,775166.06,874123.44,xgb_deepar_ensemble_v1
2022-07-01,Vancouver,Condo,813930.85,820714.66,771471.78,869957.54,xgb_deepar_ensemble_v1
2022-08-01,Vancouver,Condo,822235.2,818285.76,769188.61,867382.91,xgb_deepar_ensemble_v1
2022-09-01,Vancouver,Condo,823149.4,834619.04,784541.9,884696.18,xgb_deepar_ensemble_v1
2022-10-01,Vancouver,Condo,837331.02,851361.19,800279.52,902442.86,xgb_deepar_ensemble_v1
2022-11-01,Vancouver,Condo,851175.66,848920.45,797985.22,899855.68,xgb_deepar_ensemble_v1
2022-12-01,Vancouver,Condo,861443.7,866615.61,814618.67,918612.55,xgb_deepar_ensemble_v1
2023-01-01,Vancouver,Condo,841954.99,869637.81,817459.54,921816.08,xgb_deepar_ensemble_v1
2023-02-01,Vancouver,Condo,844067.39,847855.5,796984.17,898726.83,xgb_deepar_ensemble_v1
2023-03-01,Vancouver,Condo,842104.78,848928.25,797992.56,899863.94,xgb_deepar_ensemble_v1
2023-04-01,Vancouver,Condo,825267.42,858438.43,806932.12,909944.74,xgb_deepar_ensemble_v1
2023-05-01,Vancouver,Condo,818552.07,821755.82,772450.47,871061.17,xgb_deepar_ensemble_v1
2023-06-01,Vancouver,Condo,829074.11,821032.62,771770.66,870294.58,xgb_deepar_ensemble_v1
2023-07-01,Vancouver,Condo,831703.95,825907.06,776352.64,875461.48,xgb_deepar_ensemble_v1
2023-08-01,Vancouver,Condo,836369.66,841057.59,790594.13,891521.05,xgb_deepar_ensemble_v1
2023-09-01,Vancouver,Condo,844730.87,855714.89,804372.0,907057.78,xgb_deepar_ensemble_v1
2023-10-01,Vancouver,Condo,847207.85,841997.85,791477.98,892517.72,xgb_deepar_ensemble_v1
2023-11-01,Vancouver,Condo,855544.51,838740.65,788416.21,889065.09,xgb_deepar_ensemble_v1
2023-12-01,Vancouver,Condo,850590.02,859594.41,808018.75,911170.07,xgb_deepar_ensemble_v1
2024-01-01,Vancouver,Condo,874690.28,876007.6,823447.14,928568.06,xgb_deepar_ensemble_v1
2024-02-01,Vancouver,Condo,891042.42,889402.64,836038.48,942766.8,xgb_deepar_ensemble_v1
2024-03-01,Vancouver,Condo,894468.5,888789.74,835462.36,942117.12,xgb_deepar_ensemble_v1
2024-04-01,Vancouver,Condo,904614.24,919920.29,864725.07,975115.51,xgb_deepar_ensemble_v1
2024-05-01,Vancouver,Condo,890770.19,892556.45,839003.06,946109.84,xgb_deepar_ensemble_v1
2024-06-01,Vancouver,Condo,903867.87,893643.37,840024.77,947261.97,xgb_deepar_ensemble_v1
2024-07-01,Vancouver,Condo,907005.87,900055.93,846052.57,954059.29,xgb_deepar_ensemble_v1
2024-08-01,Vancouver,Condo,928944.15,927704.54,872042.27,983366.81,xgb_deepar_ensemble_v1
2024-09-01,Vancouver,Condo,932391.82,920262.55,865046.8,975478.3,xgb_deepar_ensemble_v1
2024-10-01,Vancouver,Condo,936286.16,934301.76,878243.65,990359.87,xgb_deepar_ensemble_v1
2024-11-01,Vancouver,Condo,943730.46,959994.24,902394.59,1017593.89,xgb_deepar_ensemble_v1
2024-12-01,Vancouver,Condo,947953.13,961016.67,903355.67,1018677.67,xgb_deepar_ensemble_v1
2025-01-01,Vancouver,Condo,955014.9,969847.58,911656.73,1028038.43,xgb_deepar_ensemble_v1
2025-02-01,Vancouver,Condo,972300.23,987195.17,927963.46,1046426.88,xgb_deepar_ensemble_v1
2025-03-01,Vancouver,Condo,959054.7,964521.23,906649.96,1022392.5,xgb_deepar_ensemble_v1
2025-04-01,Vancouver,Condo,948983.04,956816.55,899407.56,1014225.54,xgb_deepar_ensemble_v1
2025-05-01,Vancouver,Condo,960110.85,944526.07,887854.51,1001197.63,xgb_deepar_ensemble_v1
2025-06-01,Vancouver,Condo,945127.91,957127.76,899700.09,1014555.43,xgb_deepar_ensemble_v1
2025-07-01,Vancouver,Condo,938542.73,949079.77,892134.98,1006024.56,xgb_deepar_ensemble_v1
2025-08-01,Vancouver,Condo,960837.06,967255.78,909220.43,1025291.13,xgb_deepar_ensemble_v1
2025-09-01,Vancouver,Condo,926984.98,933083.13,877098.14,989068.12,xgb_deepar_ensemble_v1
2025-10-01,Vancouver,Condo,927070.86,919100.83,863954.78,974246.88,xgb_deepar_ensemble_v1
2025-11-01,Vancouver,Condo,953034.3,951546.72,894453.92,1008639.52,xgb_deepar_ensemble_v1
2025-12-01,Vancouver,Condo,963564.68,949730.37,892746.55,1006714.19,xgb_deepar_ensemble_v1
2026-01-01,Vancouver,Condo,987015.4,985367.62,926245.56,1044489.68,xgb_deepar_ensemble_v1
2026-02-01,Vancouver,Condo,995628.4,996577.29,936782.65,1056371.93,xgb_deepar_ensemble_v1
2026-03-01,Vancouver,Condo,983314.77,979798.17,921010.28,1038586.06,xgb_deepar_ensemble_v1
2026-04-01,Vancouver,Condo,1006154.39,1023666.97,962246.95,1085086.99,xgb_deepar_ensemble_v1
2026-05-01,Vancouver,Condo,1006363.28,1000559.89,940526.3,1060593.48,xgb_deepar_ensemble_v1
2026-06-01,Vancouver,Condo,1029763.46,1037771.04,975504.78,1100037.3,xgb_deepar_ensemble_v1
2022-01-01,Vancouver,Detached,1299788.76,1307978.25,1229499.56,1386456.94,xgb_deepar_ensemble_v1
2022-02-01,Vancouver,Detached,1302096.31,1304548.74,1226275.82,1382821.66,xgb_deepar_ensemble_v1
2022-03-01,Vancouver,Detached,1274897.36,1288184.83,1210893.74,1365475.92,xgb_deepar_ensemble_v1
2022-04-01,Vancouver,Detached,1276679.8,1287509.91,1210259.32,1364760.5,xgb_deepar_ensemble_v1
2022-05-01,Vancouver,Detached,1269124.17,1268537.58,1192425.33,1344649.83,xgb_deepar_ensemble_v1
2022-06-01,Vancouver,Detached,1246288.58,1270213.72,1194000.9,1346426.54,xgb_deepar_ensemble_v1
2022-07-01,Vancouver,Detached,1262866.73,1265793.05,1189845.47,1341740.63,xgb_deepar_ensemble_v1
2022-08-01,Vancouver,Detached,1297459.44,1311963.34,1233245.54,1390681.14,xgb_deepar_ensemble_v1
2022-09-01,Vancouver,Detached,1343006.08,1332213.63,1252280.81,1412146.45,xgb_deepar_ensemble_v1
2022-10-01,Vancouver,Detached,1321103.11,1312327.76,1233588.09,1391067.43,xgb_deepar_ensemble_v1
2022-11-01,Vancouver,Detached,1303243.0,1311019.88,1232358.69,1389681.07,xgb_deepar_ensemble_v1
2022-12-01,Vancouver,Detached,1321774.5,1362466.73,1280718.73,1444214.73,xgb_deepar_ensemble_v1
2023-01-01,Vancouver,Detached,1281917.45,1268225.69,1192132.15,1344319.23,xgb_deepar_ensemble_v1
2023-02-01,Vancouver,Detached,1303935.77,1291118.22,1213651.13,1368585.31,xgb_deepar_ensemble_v1
2023-03-01,Vancouver,Detached,1290393.5,1284061.93,1207018.21,1361105.65,xgb_deepar_ensemble_v1
2023-04-01,Vancouver,Detached,1319530.34,1318078.57,1238993.86,1397163.28,xgb_deepar_ensemble_v1
2023-05-01,Vancouver,Detached,1337873.26,1344233.4,1263579.4,1424887.4,xgb_deepar_ensemble_v1
2023-06-01,Vancouver,Detached,1342866.84,1364431.65,1282565.75,1446297.55,xgb_deepar_ensemble_v1
2023-07-01,Vancouver,Detached,1333853.89,1336598.33,1256402.43,1416794.23,xgb_deepar_ensemble_v1
2023-08-01,Vancouver,Detached,1309916.45,1324176.14,1244725.57,1403626.71,xgb_deepar_ensemble_v1
2023-09-01,Vancouver,Detached,1294750.09,1300323.85,1222304.42,1378343.28,xgb_deepar_ensemble_v1
2023-10-01,Vancouver,Detached,1262967.91,1259689.68,1184108.3,1335271.06,xgb_deepar_ensemble_v1
2023-11-01,Vancouver,Detached,1265933.23,1263944.4,1188107.74,1339781.06,xgb_deepar_ensemble_v1
2023-12-01,Vancouver,Detached,1260630.07,1272907.38,1196532.94,1349281.82,xgb_deepar_ensemble_v1
2024-01-01,Vancouver,Detached,1269357.89,1277199.44,1200567.47,1353831.41,xgb_deepar_ensemble_v1
2024-02-01,Vancouver,Detached,1267779.04,1292458.38,1214910.88,1370005.88,xgb_deepar_ensemble_v1
2024-03-01,Vancouver,Detached,1268528.0,1276651.16,1200052.09,1353250.23,xgb_deepar_ensemble_v1
2024-04-01,Vancouver,Detached,1278308.39,1281810.9,1204902.25,1358719.55,xgb_deepar_ensemble_v1
2024-05-01,Vancouver,Detached,1232233.32,1221012.64,1147751.88,1294273.4,xgb_deepar_ensemble_v1
2024-06-01,Vancouver,Detached,1201376.29,1195720.64,1123977.4,1267463.88,xgb_deepar_ensemble_v1
2024-07-01,Vancouver,Detached,1189578.48,1199573.27,1127598.87,1271547.67,xgb_deepar_ensemble_v1
2024-08-01,Vancouver,Detached,1194333.25,1203677.61,1131456.95,1275898.27,xgb_deepar_ensemble_v1
2024-09-01,Vancouver,Detached,1209236.9,1237443.35,1163196.75,1311689.95,xgb_deepar_ensemble_v1
2024-10-01,Vancouver,Detached,1212635.41,1208992.28,1136452.74,1281531.82,xgb_deepar_ensemble_v1
2024-11-01,Vancouver,Detached,1195490.22,1209500.12,1136930.11,1282070.13,xgb_deepar_ensemble_v1
2024-12-01,Vancouver,Detached,1188908.7,1192922.45,1121347.1,1264497.8,xgb_deepar_ensemble_v1
2025-01-01,Vancouver,Detached,1183363.8,1159991.11,1090391.64,1229590.58,xgb_deepar_ensemble_v1
2025-02-01,Vancouver,Detached,1190899.03,1180023.34,1109221.94,1250824.74,xgb_deepar_ensemble_v1
2025-03-01,Vancouver,Detached,1192934.61,1201571.82,1129477.51,1273666.13,xgb_deepar_ensemble_v1
2025-04-01,Vancouver,Detached,1123509.42,1123647.76,1056228.89,1191066.63,xgb_deepar_ensemble_v1
2025-05-01,Vancouver,Detached,1128317.23,1124440.97,1056974.51,1191907.43,xgb_deepar_ensemble_v1
2025-06-01,Vancouver,Detached,1139033.38,1158486.85,1088977.64,1227996.06,xgb_deepar_ensemble_v1
2025-07-01,Vancouver,Detached,1159648.2,1161659.36,1091959.8,1231358.92,xgb_deepar_ensemble_v1
2025-08-01,Vancouver,Detached,1190730.95,1199818.92,1127829.78,1271808.06,xgb_deepar_ensemble_v1
2025-09-01,Vancouver,Detached,1164322.21,1179635.89,1108857.74,1250414.04,xgb_deepar_ensemble_v1
2025-10-01,Vancouver,Detached,1178993.87,1177834.6,1107164.52,1248504.68,xgb_deepar_ensemble_v1
2025-11-01,Vancouver,Detached,1203787.01,1218009.67,1144929.09,1291090.25,xgb_deepar_ensemble_v1
2025-12-01,Vancouver,Detached,1223938.83,1215102.9,1142196.73,1288009.07,xgb_deepar_ensemble_v1
2026-01-01,Vancouver,Detached,1228206.37,1215179.33,1142268.57,1288090.09,xgb_deepar_ensemble_v1
2026-02-01,Vancouver,Detached,1240146.88,1261444.57,1185757.9,1337131.24,xgb_deepar_ensemble_v1
2026-03-01,Vancouver,Detached,1244923.97,1269066.0,1192922.04,1345209.96,xgb_deepar_ensemble_v1
2026-04-01,Vancouver,Detached,1272559.82,1288790.92,1211463.46,1366118.38,xgb_deepar_ensemble_v1
2026-05-01,Vancouver,Detached,1318110.99,1312245.09,1233510.38,1390979.8,xgb_deepar_ensemble_v1
2026-06-01,Vancouver,Detached,1330407.15,1330870.48,1251018.25,1410722.71,xgb_deepar_ensemble_v1
2022-01-01,Vancouver,Townhouse,953781.06,947554.05,890700.81,1004407.29,xgb_deepar_ensemble_v1
2022-02-01,Vancouver,Townhouse,966414.07,960076.46,902471.87,1017681.05,xgb_deepar_ensemble_v1
2022-03-01,Vancouver,Townhouse,967687.14,973310.72,914912.08,1031709.36,xgb_deepar_ensemble_v1
2022-04-01,Vancouver,Townhouse,983961.31,982790.52,923823.09,1041757.95,xgb_deepar_ensemble_v1
2022-05-01,Vancouver,Townhouse,1011498.27,1029336.42,967576.23,1091096.61,xgb_deepar_ensemble_v1
2022-06-01,Vancouver,Townhouse,1043640.96,1029195.76,967444.01,1090947.51,xgb_deepar_ensemble_v1
2022-07-01,Vancouver,Townhouse,1081229.74,1079296.37,1014538.59,1144054.15,xgb_deepar_ensemble_v1
2022-08-01,Vancouver,Townhouse,1077027.85,1066384.85,1002401.76,1130367.94,xgb_deepar_ensemble_v1
2022-09-01,Vancouver,Townhouse,1077332.8,1065585.25,1001650.13,1129520.36,xgb_deepar_ensemble_v1
2022-10-01,Vancouver,Townhouse,1089775.24,1117968.25,1050890.16,1185046.34,xgb_deepar_ensemble_v1
2022-11-01,Vancouver,Townhouse,1103377.93,1128073.24,1060388.85,1195757.63,xgb_deepar_ensemble_v1
2022-12-01,Vancouver,Townhouse,1110048.1,1120064.61,1052860.73,1187268.49,xgb_deepar_ensemble_v1
2023-01-01,Vancouver,Townhouse,1117965.41,1129449.81,1061682.82,1197216.8,xgb_deepar_ensemble_v1
2023-02-01,Vancouver,Townhouse,1085841.1,1097936.47,1032060.28,1163812.66,xgb_deepar_ensemble_v1
2023-03-01,Vancouver,Townhouse,1090297.28,1095303.81,1029585.58,1161022.04,xgb_deepar_ensemble_v1
2023-04-01,Vancouver,Townhouse,1107109.01,1071596.99,1007301.17,1135892.81,xgb_deepar_ensemble_v1
2023-05-01,Vancouver,Townhouse,1108302.4,1083826.5,1018796.91,1148856.09,xgb_deepar_ensemble_v1
2023-06-01,Vancouver,Townhouse,1135643.62,1147763.64,1078897.82,1216629.46,xgb_deepar_ensemble_v1
2023-07-01,Vancouver,Townhouse,1133322.8,1104106.4,1037860.02,1170352.78,xgb_deepar_ensemble_v1
2023-08-01,Vancouver,Townhouse,1125919.82,1148828.39,1079898.69,1217758.09,xgb_deepar_ensemble_v1
2023-09-01,Vancouver,Townhouse,1127493.29,1142714.01,1074151.17,1211276.85,xgb_deepar_ensemble_v1
2023-10-01,Vancouver,Townhouse,1141574.22,1150185.14,1081174.03,1219196.25,xgb_deepar_ensemble_v1
2023-11-01,Vancouver,Townhouse,1142360.48,1151795.96,1082688.2,1220903.72,xgb_deepar_ensemble_v1
2023-12-01,Vancouver,Townhouse,1143686.71,1157503.12,1088052.93,1226953.31,xgb_deepar_ensemble_v1
2024-01-01,Vancouver,Townhouse,1143552.6,1139986.1,1071586.93,1208385.27,xgb_deepar_ensemble_v1
2024-02-01,Vancouver,Townhouse,1158907.13,1188245.59,1116950.85,1259540.33,xgb_deepar_ensemble_v1
2024-03-01,Vancouver,Townhouse,1175000.7,1175994.57,1105434.9,1246554.24,xgb_deepar_ensemble_v1
2024-04-01,Vancouver,Townhouse,1184392.2,1176272.76,1105696.39,1246849.13,xgb_deepar_ensemble_v1
2024-05-01,Vancouver,Townhouse,1214747.46,1245653.04,1170913.86,1320392.22,xgb_deepar_ensemble_v1
2024-06-01,Vancouver,Townhouse,1235867.4,1242656.68,1168097.28,1317216.08,xgb_deepar_ensemble_v1
2024-07-01,Vancouver,Townhouse,1238592.15,1248196.99,1173305.17,1323088.81,xgb_deepar_ensemble_v1
2024-08-01,Vancouver,Townhouse,1282545.45,1305451.07,1227124.01,1383778.13,xgb_deepar_ensemble_v1
2024-09-01,Vancouver,Townhouse,1302570.02,1341033.55,1260571.54,1421495.56,xgb_deepar_ensemble_v1
2024-10-01,Vancouver,Townhouse,1318421.73,1322988.58,1243609.27,1402367.89,xgb_deepar_ensemble_v1
2024-11-01,Vancouver,Townhouse,1272196.5,1278707.49,1201985.04,1355429.94,xgb_deepar_ensemble_v1
2024-12-01,Vancouver,Townhouse,1287034.44,1271074.31,1194809.85,1347338.77,xgb_deepar_ensemble_v1
2025-01-01,Vancouver,Townhouse,1277077.16,1282466.41,1205518.43,1359414.39,xgb_deepar_ensemble_v1
2025-02-01,Vancouver,Townhouse,1285452.96,1315599.2,1236663.25,1394535.15,xgb_deepar_ensemble_v1
2025-03-01,Vancouver,Townhouse,1279063.31,1272543.9,1196191.27,1348896.53,xgb_deepar_ensemble_v1
2025-04-01,Vancouver,Townhouse,1307393.52,1298546.82,1220634.01,1376459.63,xgb_deepar_ensemble_v1
2025-05-01,Vancouver,Townhouse,1306835.31,1285927.22,1208771.59,1363082.85,xgb_deepar_ensemble_v1
2025-06-01,Vancouver,Townhouse,1330077.8,1315230.7,1236316.86,1394144.54,xgb_deepar_ensemble_v1
2025-07-01,Vancouver,Townhouse,1351358.87,1335686.13,1255544.96,1415827.3,xgb_deepar_ensemble_v1
2025-08-01,Vancouver,Townhouse,1368042.97,1373541.64,1291129.14,1455954.14,xgb_deepar_ensemble_v1
2025-09-01,Vancouver,Townhouse,1366808.9,1376664.15,1294064.3,1459264.0,xgb_deepar_ensemble_v1
2025-10-01,Vancouver,Townhouse,1362006.01,1335011.83,1254911.12,1415112.54,xgb_deepar_ensemble_v1
2025-11-01,Vancouver,Townhouse,1345925.03,1357879.71,1276406.93,1439352.49,xgb_deepar_ensemble_v1
2025-12-01,Vancouver,Townhouse,1374705.6,1400932.09,1316876.16,1484988.02,xgb_deepar_ensemble_v1
2026-01-01,Vancouver,Townhouse,1414051.5,1433608.84,1347592.31,1519625.37,xgb_deepar_ensemble_v1
2026-02-01,Vancouver,Townhouse,1413470.29,1406401.62,1322017.52,1490785.72,xgb_deepar_ensemble_v1
2026-03-01,Vancouver,Townhouse,1388200.56,1406993.46,1322573.85,1491413.07,xgb_deepar_ensemble_v1
2026-04-01,Vancouver,Townhouse,1406784.79,1403833.57,1319603.56,1488063.58,xgb_deepar_ensemble_v1
2026-05-01,Vancouver,Townhouse,1436465.75,1423220.75,1337827.5,1508614.0,xgb_deepar_ensemble_v1
2026-06-01,Vancouver,Townhouse,1454974.09,1436552.48,1350359.33,1522745.63,xgb_deepar_ensemble_v1
